Timestamp,Jenis kelamin,Domisili (kota/kabupaten),Usia,Pekerjaan,Pengeluaran yang Anda keluarkan selama 1 bulan,Hal apa yang paling mempengaruhi keputusan Anda dalam memilih suatu Produk Makanan?,Promo apa yang menarik minat Anda dalam memilih suatu Produk Makanan?,Tempat belanja Produk Makanan yang Anda minati selama masa pandemi (covid-19),Seberapa sering Anda berbelanja Produk Makanan secara online dalam sebulan?,Apakah Anda tertarik untuk membeli Produk Makanan melalui channel Marketplace/ E-Commerce?,Channel Marketplace/ E-Commerce yang paling sering Anda gunakan untuk membeli Produk Makanan,Darimana Anda mendapatkan Referensi channel Marketplace/ E-Commerce,Hal apa yang menjadi pertimbangan Anda dalam memilih Marketplace/ E-Commerce untuk berbelanja?,"Jika berbelanja Produk Makanan secara online, berapa lama toleransi waktu yang Anda berikan hingga pesanan sampai?",Berapa toleransi Anda untuk membayar biaya pengiriman makanan (delivery cost)?,Channel komunikasi Brand yang paling memudahkan Anda,"Apakah Anda Suka Mengonsumsi Produk Perikanan (contoh : ikan, udang, kepiting, dll)","Dalam seminggu, seberapa sering Anda mengonsumsi Produk Perikanan?",Jenis Produk Perikanan yang paling sering Anda konsumsi,Jenis pengolahan ikan yang Anda minati,Apa yang mempengaruhi keputusan Anda memilih Produk Ikan beku,Apa yang mempengaruhi keputusan Anda tidak memilih Produk Ikan beku,Jenis produk ikan beku yang paling Anda minati,Bentuk kemasan yang menarik minat Anda,Varian gramasi Produk Ikan Beku yang paling sering Anda pilih,Berapa alokasi pengeluaran yang Anda siapkan untuk pembelian Produk Perikanan dalam satu kali transaksi?,Kemasan produk yang menarik membuat saya berbelanja di luar rencana,Promo potongan harga membuat saya berbelanja di luar rencana,Fasilitas pengiriman gratis membuat saya berbelanja di luar rencana,Promosi brand favorit membuat saya berbelanja di luar rencana,Metode Pembayaran membuat saya berbelanja di luar rencana
5/5/2020 9:16:12,Laki-laki,Bandung ,26 - 35 tahun,Pegawai Swasta,Rp. 2.500.000 - Rp. 5.000.000,Other,,"Pasar Modern - Hypermarket, Supermarket, Pasar Modern - Mini Market, Fresh Market, Online Shop",3 - 4 Kali,Ya,,,Pilihan Jasa Pengiriman,3 Hari,,Tokopedia,Ya,0 - 1 kali,"Lele, Patin / Dori",Frozen Food,,,Frozen Food - Fillet,,1 kg per kemasan,Rp. 35.000 - Rp. 50.000,3,4,4,4,2
5/5/2020 9:22:47,Perempuan,Bandung ,26 - 35 tahun,Pegawai Swasta,> Rp. 5.000.000,Harga Produk,,Pasar Tradisional,1 Kali,Mungkin,,,Gratis Ongkir,Hari yang Sama,,Shopee,Ya,2 - 3 kali,Udang,Fresh Food,,,Frozen Food - Fillet,,250 gram per kemasan,Rp. 20.000 - Rp. 35.000,3,4,4,4,4
5/5/2020 15:49:22,Laki-laki,Bandung ,17 - 25 tahun,Pegawai Swasta,Rp. 1.000.000 - Rp. 2.500.000,"Harga Produk, Kualitas Produk, Kemasan Produk","Promo - Potongan Harga, Promo - Beli 1 Gratis 1","Pasar Modern - Hypermarket, Supermarket",5 - 6 Kali,Ya,GoFood dan GrabFood,Rekomendasi keluarga/kerabat,Jenis Produk yang Dijual,Instant (3-7 jam),Rp. 12.000 - Rp. 20.000,WhatsApp,Ya,2 - 3 kali,"Lele, Patin / Dori","Fresh Food, Canned Food",Tahan Lama,Pengemasan,"Frozen Food - Fillet, Frozen Food - Olahan",Box,250 gram per kemasan,Rp. 20.000 - Rp. 35.000,3,2,1,4,1
5/5/2020 15:54:30,Laki-laki,Bandung ,26 - 35 tahun,Pegawai Swasta,Rp. 2.500.000 - Rp. 5.000.000,Harga Produk,Promo - Potongan Harga,Tukang Sayur Keliling,2 - 3 Kali,Ya,Tokopedia,Instagram,Seller/ Penjual yang Kualitasnya Terjamin,Hari yang Sama,Rp. 12.000 - Rp. 20.000,WhatsApp,Tidak,2 - 3 kali,Other,Fresh Food,Higienis,Pengemasan,Frozen Food - Berbumbu,Plastik Stiker,500 gram per kemasan,Rp. 20.000 - Rp. 35.000,5,5,5,3,5
5/5/2020 15:56:51,Perempuan,DKI Jakarta,26 - 35 tahun,Pegawai Negeri,> Rp. 5.000.000,Kualitas Produk,Promo - Gratis Ongkir,"Pasar Modern - Hypermarket, Supermarket, Marketplace (Lazada, Blibli, Shopee, Bukalapak, dll)",3 - 4 Kali,Ya,SayurBox,Instagram,Seller/ Penjual yang Kualitasnya Terjamin,Hari yang Sama,< Rp. 12.000,Chat di Aplikasi Milik Brand,Ya,0 - 1 kali,Nila,Fresh Food,Tahan Lama,Pengemasan,WGGS - Utuh bersih isi perut,Box,250 gram per kemasan,Rp. 20.000 - Rp. 35.000,3,3,3,3,3
5/5/2020 16:00:38,Laki-laki,Bandung ,17 - 25 tahun,Pegawai Swasta,Rp. 500.000 - Rp. 1.000.000,Harga Produk,Promo - Beli 1 Gratis 1,"Pasar Modern - Hypermarket, Supermarket",1 Kali,Ya,"Tokopedia, GoFood dan GrabFood","Instagram, Rekomendasi keluarga/kerabat",Gratis Ongkir,Instant (3-7 jam),< Rp. 12.000,WhatsApp,Ya,2 - 3 kali,"Gurame, Lele, Mas",Canned Food,Tahan Lama,Kandungan Gizi,"Frozen Food - Fillet, Frozen Food - Olahan",Plastik Sablon,1 kg per kemasan,Rp. 20.000 - Rp. 35.000,3,5,5,5,3
5/5/2020 16:07:20,Laki-laki,Other,26 - 35 tahun,Pegawai Swasta,> Rp. 5.000.000,"Harga Produk, Kualitas Produk, Kemasan Produk, Trend Produk (Sedang Hype atau Viral)",Promo - Beli 1 Gratis 1,Tukang Sayur Keliling,< 1 Kali,Ya,GoFood dan GrabFood,Rekomendasi keluarga/kerabat,"Promosi - Diskon, Beli 1 Gratis 1",Hari yang Sama,< Rp. 12.000,WhatsApp,Ya,2 - 3 kali,"Cumi, Udang",Fresh Food,Tahan Lama,Pengemasan,"Frozen Food - Fillet, Frozen Food - Olahan",Plastik Sablon,250 gram per kemasan,> Rp. 50.000,5,4,4,4,3
5/5/2020 16:13:02,Perempuan,Bandung ,17 - 25 tahun,Other,Rp. 1.000.000 - Rp. 2.500.000,"Harga Produk, Kualitas Produk","Promo - Potongan Harga, Promo - Gratis Ongkir","Pasar Tradisional, Pasar Modern - Hypermarket, Supermarket, GoFood dan GrabFood",2 - 3 Kali,Ya,Shopee,Instagram,Gratis Ongkir,Instant (3-7 jam),Rp. 12.000 - Rp. 20.000,Chat di Aplikasi Milik Brand,Ya,0 - 1 kali,"Gurame, Patin / Dori, Mas, Nila",Fresh Food,Praktis,Pengemasan,WGGS - Utuh bersih isi perut,Plastik Sablon,1 kg per kemasan,Rp. 20.000 - Rp. 35.000,4,5,5,3,3
5/5/2020 16:16:25,Perempuan,Other,26 - 35 tahun,Pegawai Negeri,Rp. 1.000.000 - Rp. 2.500.000,"Brand Produk, Harga Produk, Kualitas Produk, Kemasan Produk, Trend Produk (Sedang Hype atau Viral)","Promo - Potongan Harga, Promo - Gratis Ongkir, Promo - Beli 1 Gratis 1, Promo - Free Merchandise","Warung, Instagram Brand",2 - 3 Kali,Ya,"Shopee, GoFood dan GrabFood",Instagram,Gratis Ongkir,Instant (3-7 jam),Rp. 12.000 - Rp. 20.000,Chat di Aplikasi Milik Brand,Ya,4 - 5 kali,"Nila, Udang","Fresh Food, Frozen Food, Canned Food",Tahan Lama,Pengemasan,"Frozen Food - Fillet, Frozen Food - Berbumbu, Frozen Food - Olahan",Plastik Stiker,250 gram per kemasan,> Rp. 50.000,5,5,5,3,3
5/5/2020 16:19:56,Laki-laki,Bandung ,26 - 35 tahun,Pegawai Swasta,Rp. 2.500.000 - Rp. 5.000.000,Kualitas Produk,Promo - Potongan Harga,"Pasar Tradisional, Marketplace (Lazada, Blibli, Shopee, Bukalapak, dll), GoFood dan GrabFood",2 - 3 Kali,Ya,"Shopee, BliBli, GoFood dan GrabFood",kepuasan pengalaman,Seller/ Penjual yang Kualitasnya Terjamin,1 Hari,Rp. 12.000 - Rp. 20.000,Chat di Aplikasi Milik Brand,Ya,0 - 1 kali,"Lele, Patin / Dori","Fresh Food, Frozen Food",Tahan Lama,Pengemasan,Frozen Food - Fillet,Plastik Stiker,750 gram per kemasan,Rp. 35.000 - Rp. 50.000,4,3,3,3,3
5/5/2020 16:24:38,Laki-laki,Other,26 - 35 tahun,Pegawai Swasta,Rp. 2.500.000 - Rp. 5.000.000,"Harga Produk, Kualitas Produk, Trend Produk (Sedang Hype atau Viral)","Promo - Potongan Harga, Promo - Beli 1 Gratis 1","Pasar Modern - Hypermarket, Supermarket, Pasar Modern - Mini Market, Fresh Market, Warung, GoFood dan GrabFood",1 Kali,Ya,"Shopee, Lazada, Tokopedia, GoFood dan GrabFood","Instagram, Rekomendasi keluarga/kerabat",Jenis Produk yang Dijual,Hari yang Sama,< Rp. 12.000,WhatsApp,Ya,2 - 3 kali,"Lele, Nila, Other","Fresh Food, Canned Food","Praktis, Higienis",Mahal,"WGGS - Utuh bersih isi perut, Frozen Food - Fillet, Frozen Food - Olahan",Plastik Stiker,250 gram per kemasan,Rp. 20.000 - Rp. 35.000,4,5,3,4,2
5/5/2020 16:34:13,Perempuan,Other,26 - 35 tahun,Mahasiswa,Rp. 2.500.000 - Rp. 5.000.000,"Harga Produk, Kualitas Produk","Promo - Gratis Ongkir, Promo - Beli 1 Gratis 1, Promo - Free Merchandise","Pasar Modern - Hypermarket, Supermarket, Instagram Brand, GoFood dan GrabFood",3 - 4 Kali,Ya,GoFood dan GrabFood,Rekomendasi keluarga/kerabat,Jenis Produk yang Dijual,Hari yang Sama,Rp. 12.000 - Rp. 20.000,WhatsApp,Ya,2 - 3 kali,"Gurame, Nila, Udang","Fresh Food, Canned Food","Praktis, Tahan Lama","Kandungan Gizi, Pengemasan, Kesehatan","Frozen Food - Fillet, Frozen Food - Berbumbu, Frozen Food - Olahan",Box,250 gram per kemasan,Rp. 20.000 - Rp. 35.000,4,5,5,4,3
5/5/2020 16:34:14,Perempuan,Other,26 - 35 tahun,Pegawai Swasta,> Rp. 5.000.000,Kualitas Produk,"Promo - Potongan Harga, Promo - Gratis Ongkir, Promo - Beli 1 Gratis 1, Promo - Free Merchandise","Pasar Modern - Mini Market, Fresh Market, Marketplace (Lazada, Blibli, Shopee, Bukalapak, dll), GoFood dan GrabFood",3 - 4 Kali,Ya,GoFood dan GrabFood,"Iklan TV, Instagram",Jenis Produk yang Dijual,Hari yang Sama,Rp. 12.000 - Rp. 20.000,WhatsApp,Ya,4 - 5 kali,"Cumi, Gurame, Lele, Udang",Fresh Food,Praktis,"Kesegaran ikan, rasanya berbeda dengan yg sudah dibekukan",Frozen Food - Olahan,Box,250 gram per kemasan,Rp. 35.000 - Rp. 50.000,4,4,4,4,4
5/5/2020 16:39:33,Perempuan,Bandung ,26 - 35 tahun,Ibu Rumah Tangga,Rp. 2.500.000 - Rp. 5.000.000,Kualitas Produk,Promo - Beli 1 Gratis 1,"Pasar Tradisional, Pasar Modern - Mini Market, Fresh Market, Marketplace (Lazada, Blibli, Shopee, Bukalapak, dll), GoFood dan GrabFood",1 Kali,Ya,"Shopee, Tokopedia, GoFood dan GrabFood",Instagram,"Promosi - Diskon, Beli 1 Gratis 1",Hari yang Sama,< Rp. 12.000,WhatsApp,Ya,2 - 3 kali,"Cumi, Gurame, Lele, Patin / Dori, Nila, Udang, Other","Fresh Food, Frozen Food","Praktis, Tahan Lama, Higienis",Kandungan Gizi,"Frozen Food - Fillet, Frozen Food - Olahan",Plastik Sablon,1 kg per kemasan,> Rp. 50.000,5,5,5,5,5
5/5/2020 16:39:44,Laki-laki,Other,26 - 35 tahun,Other,> Rp. 5.000.000,,Promo - Potongan Harga,Pasar Tradisional,< 1 Kali,Tidak,"Shopee, BukaLapak, BliBli, Tokopedia, TaniHub, SayurBox, GoFood dan GrabFood",Iklan TV,"Promosi - Diskon, Beli 1 Gratis 1",Hari yang Sama,Rp. 12.000 - Rp. 20.000,WhatsApp,Ya,> 5 kali,Udang,Fresh Food,Tahan Lama,Kandungan Gizi,WGGS - Utuh bersih isi perut,Box,1 kg per kemasan,Rp. 20.000 - Rp. 35.000,3,2,3,4,4
5/5/2020 16:41:14,Laki-laki,Bandung ,17 - 25 tahun,Pegawai Swasta,Rp. 500.000 - Rp. 1.000.000,"Harga Produk, Kualitas Produk","Promo - Potongan Harga, Promo - Gratis Ongkir","Pasar Modern - Mini Market, Fresh Market, Marketplace (Lazada, Blibli, Shopee, Bukalapak, dll)",2 - 3 Kali,Ya,"Shopee, Lazada, BukaLapak, Tokopedia","Instagram, Banner Ads",Pilihan Jasa Pengiriman,3 Hari,< Rp. 12.000,WhatsApp,Ya,0 - 1 kali,"Cumi, Lele, Mas","Fresh Food, Frozen Food",Praktis,Pengemasan,"Frozen Food - Fillet, Frozen Food - Olahan",Plastik Sablon,500 gram per kemasan,Rp. 20.000 - Rp. 35.000,3,1,1,4,1
5/5/2020 16:43:34,Perempuan,DKI Jakarta,26 - 35 tahun,Pegawai Swasta,> Rp. 5.000.000,Trend Produk (Sedang Hype atau Viral),Promo - Potongan Harga,"Pasar Tradisional, Pasar Modern - Hypermarket, Supermarket, Marketplace (Lazada, Blibli, Shopee, Bukalapak, dll), E-Commerce (TaniHub, SayurBox, dll), Instagram Brand, GoFood dan GrabFood",> 6 Kali,Ya,"Tokopedia, SayurBox, GoFood dan GrabFood",Instagram,Seller/ Penjual yang Kualitasnya Terjamin,1 Hari,Rp. 35.000 - Rp. 50.000,Chat di Aplikasi Milik Brand,Tidak,0 - 1 kali,"Cumi, Lele, Patin / Dori, Udang","Fresh Food, Frozen Food",Tahan Lama,Mengolahnya butuh waktu,"Frozen Food - Fillet, Frozen Food - Olahan",Plastik Stiker,500 gram per kemasan,> Rp. 50.000,4,5,3,5,4
5/5/2020 17:13:42,Perempuan,Bandung ,26 - 35 tahun,Ibu Rumah Tangga,Rp. 1.000.000 - Rp. 2.500.000,"Harga Produk, Kualitas Produk","Promo - Gratis Ongkir, Promo - Beli 1 Gratis 1","Pasar Modern - Hypermarket, Supermarket, Pasar Modern - Mini Market, Fresh Market, Marketplace (Lazada, Blibli, Shopee, Bukalapak, dll), Instagram Brand, GoFood dan GrabFood",> 6 Kali,Ya,"Tokopedia, GoFood dan GrabFood","Instagram, Rekomendasi keluarga/kerabat",Seller/ Penjual yang Kualitasnya Terjamin,Hari yang Sama,Rp. 12.000 - Rp. 20.000,WhatsApp,Ya,2 - 3 kali,"Cumi, Lele, Patin / Dori",Frozen Food,"Praktis, Tahan Lama",Kandungan Gizi,"Frozen Food - Fillet, Frozen Food - Berbumbu, Frozen Food - Olahan",Plastik Stiker,500 gram per kemasan,> Rp. 50.000,4,3,2,4,3
5/5/2020 17:20:00,Laki-laki,Bandung ,17 - 25 tahun,Pegawai Swasta,Rp. 2.500.000 - Rp. 5.000.000,"Brand Produk, Harga Produk, Kualitas Produk",Promo - Potongan Harga,"Pasar Tradisional, Tukang Sayur Keliling, Warung, GoFood dan GrabFood",> 6 Kali,Ya,GoFood dan GrabFood,yang sering digunakan oleh masyarakat umum,Pilihan Jasa Pengiriman,3 Hari,< Rp. 12.000,Chat di Aplikasi Milik Brand,Ya,0 - 1 kali,"Lele, Nila, Other",Fresh Food,belum pernah membeli produk ikan beku,biasanya ingin memsan ikan langsung fresh dan langsung diolah,WGGS - Utuh bersih isi perut,Plastik Sablon,1 kg per kemasan,Rp. 20.000 - Rp. 35.000,4,4,5,2,3
5/5/2020 17:21:34,Laki-laki,Bandung ,17 - 25 tahun,Pegawai Negeri,Rp. 1.000.000 - Rp. 2.500.000,Kualitas Produk,Promo - Beli 1 Gratis 1,"Pasar Modern - Mini Market, Fresh Market, Tukang Sayur Keliling, Warung, E-Commerce Makanan Siap Saji (Masaksehat, Ampera, dll), GoFood dan GrabFood",> 6 Kali,Tidak,GoFood dan GrabFood,"Instagram, Rekomendasi keluarga/kerabat, Banner Ads",Jenis Produk yang Dijual,Instant (3-7 jam),Rp. 12.000 - Rp. 20.000,WhatsApp,Ya,0 - 1 kali,"Cumi, Lele, Udang",Fresh Food,"Praktis, Tahan Lama",Ga ada,"Frozen Food - Fillet, Frozen Food - Berbumbu, Frozen Food - Olahan",Plastik Stiker,250 gram per kemasan,Rp. 20.000 - Rp. 35.000,5,5,3,3,5
5/5/2020 17:22:58,Perempuan,Bandung ,17 - 25 tahun,Pegawai Swasta,Rp. 1.000.000 - Rp. 2.500.000,"Harga Produk, Kualitas Produk","Promo - Potongan Harga, Promo - Gratis Ongkir","Pasar Tradisional, Pasar Modern - Hypermarket, Supermarket, Marketplace (Lazada, Blibli, Shopee, Bukalapak, dll), GoFood dan GrabFood",2 - 3 Kali,Ya,Shopee,"Instagram, Rekomendasi keluarga/kerabat",Gratis Ongkir,Instant (3-7 jam),Rp. 12.000 - Rp. 20.000,WhatsApp,Ya,0 - 1 kali,"Patin / Dori, Mas, Nila",Fresh Food,Praktis,Kandungan Gizi,"WGGS - Utuh bersih isi perut, Frozen Food - Berbumbu",Plastik Sablon,1 kg per kemasan,Rp. 20.000 - Rp. 35.000,4,4,4,3,3
5/5/2020 17:28:54,Perempuan,DKI Jakarta,26 - 35 tahun,Pegawai Swasta,Rp. 2.500.000 - Rp. 5.000.000,"Harga Produk, Kualitas Produk",Promo - Potongan Harga,"Pasar Tradisional, Pasar Modern - Hypermarket, Supermarket, Marketplace (Lazada, Blibli, Shopee, Bukalapak, dll), GoFood dan GrabFood",2 - 3 Kali,Ya,"Tokopedia, GoFood dan GrabFood","Instagram, Rekomendasi keluarga/kerabat",Jenis Produk yang Dijual,Hari yang Sama,Rp. 12.000 - Rp. 20.000,DM Instagram,Tidak,0 - 1 kali,Udang,"Fresh Food, Canned Food","Praktis, Tahan Lama",Kesehatan,Frozen Food - Olahan,Plastik Stiker,500 gram per kemasan,Rp. 35.000 - Rp. 50.000,3,4,3,3,2
5/5/2020 17:32:33,Perempuan,Bandung ,17 - 25 tahun,Mahasiswa,Rp. 1.000.000 - Rp. 2.500.000,"Brand Produk, Harga Produk, Kualitas Produk, Trend Produk (Sedang Hype atau Viral)","Promo - Potongan Harga, Promo - Gratis Ongkir, Promo - Beli 1 Gratis 1","Pasar Tradisional, Marketplace (Lazada, Blibli, Shopee, Bukalapak, dll), GoFood dan GrabFood",1 Kali,Ya,"Shopee, Tokopedia, GoFood dan GrabFood","Iklan TV, Instagram",Gratis Ongkir,Instant (3-7 jam),Rp. 12.000 - Rp. 20.000,Call Center,Ya,2 - 3 kali,"Bandeng, Cumi, Udang",Fresh Food,Tahan Lama,Kesehatan,"WGGS - Utuh bersih isi perut, Frozen Food - Olahan",Plastik Stiker,1 kg per kemasan,> Rp. 50.000,3,4,2,3,3
5/5/2020 17:34:59,Perempuan,Bandung ,46 - 55 tahun,Pegawai Negeri,> Rp. 5.000.000,"Brand Produk, Harga Produk, Kualitas Produk, Kemasan Produk",Promo - Potongan Harga,"Pasar Modern - Hypermarket, Supermarket, GoFood dan GrabFood",5 - 6 Kali,Ya,GoFood dan GrabFood,Rekomendasi keluarga/kerabat,Pilihan Jasa Pengiriman,Instant (3-7 jam),< Rp. 12.000,WhatsApp,Ya,> 5 kali,"Cumi, Patin / Dori, Udang","Fresh Food, Frozen Food",Tahan Lama,Kandungan Gizi,Frozen Food - Fillet,Plastik Stiker,1 kg per kemasan,> Rp. 50.000,1,1,1,1,1
5/5/2020 17:35:53,Perempuan,Bandung ,17 - 25 tahun,Wirausaha,< Rp. 500.000,"Harga Produk, Kualitas Produk, Kemasan Produk","Promo - Potongan Harga, Promo - Gratis Ongkir, Promo - Beli 1 Gratis 1","Pasar Tradisional, Pasar Modern - Mini Market, Fresh Market, Tukang Sayur Keliling, Warung, GoFood dan GrabFood",3 - 4 Kali,Ya,"Shopee, GoFood dan GrabFood","Instagram, Rekomendasi keluarga/kerabat",Seller/ Penjual yang Kualitasnya Terjamin,Instant (3-7 jam),Rp. 12.000 - Rp. 20.000,WhatsApp,Ya,0 - 1 kali,"Cumi, Mas, Udang","Fresh Food, Frozen Food, Canned Food",Praktis,"Kandungan Gizi, Pengemasan, Kesehatan","WGGS - Utuh bersih isi perut, Frozen Food - Olahan",Plastik Sablon,250 gram per kemasan,Rp. 20.000 - Rp. 35.000,3,5,3,3,3
5/5/2020 17:37:10,Laki-laki,Bandung ,17 - 25 tahun,Pegawai Swasta,Rp. 2.500.000 - Rp. 5.000.000,Kualitas Produk,Promo - Potongan Harga,Pasar Tradisional,< 1 Kali,Ya,Shopee,Instagram,"Promosi - Diskon, Beli 1 Gratis 1",Instant (3-7 jam),< Rp. 12.000,WhatsApp,Ya,Tidak Pernah,Bandeng,Fresh Food,Praktis,Kandungan Gizi,WGGS - Utuh bersih isi perut,Box,250 gram per kemasan,Rp. 20.000,3,3,3,3,3
5/5/2020 17:38:05,Perempuan,Bandung ,17 - 25 tahun,Pegawai Swasta,Rp. 2.500.000 - Rp. 5.000.000,"Harga Produk, Kualitas Produk","Promo - Potongan Harga, Promo - Beli 1 Gratis 1","Pasar Modern - Hypermarket, Supermarket, GoFood dan GrabFood",5 - 6 Kali,Ya,"Shopee, SayurBox, GoFood dan GrabFood",Instagram,Pilihan Jasa Pengiriman,Hari yang Sama,< Rp. 12.000,WhatsApp,Ya,0 - 1 kali,"Cumi, Udang",Fresh Food,Tahan Lama,Kandungan Gizi,Frozen Food - Olahan,Plastik Sablon,500 gram per kemasan,Rp. 35.000 - Rp. 50.000,2,5,4,4,1
5/5/2020 17:42:11,Laki-laki,Bandung ,26 - 35 tahun,Pegawai Swasta,Rp. 1.000.000 - Rp. 2.500.000,Harga Produk,Promo - Gratis Ongkir,"Marketplace (Lazada, Blibli, Shopee, Bukalapak, dll)",2 - 3 Kali,Ya,"Lazada, BliBli",Instagram,Gratis Ongkir,1 Hari,< Rp. 12.000,Chat di Aplikasi Milik Brand,Ya,2 - 3 kali,Nila,Frozen Food,Tahan Lama,Kandungan Gizi,Frozen Food - Fillet,Plastik Sablon,750 gram per kemasan,Rp. 20.000 - Rp. 35.000,4,5,5,3,5
5/5/2020 17:49:18,Perempuan,Bandung ,26 - 35 tahun,Pegawai Swasta,> Rp. 5.000.000,"Brand Produk, Kualitas Produk","Promo - Potongan Harga, Promo - Beli 1 Gratis 1, Promo - Free Merchandise","Pasar Modern - Hypermarket, Supermarket, Pasar Modern - Mini Market, Fresh Market, Tukang Sayur Keliling, E-Commerce (TaniHub, SayurBox, dll), Instagram Brand",> 6 Kali,Ya,"Tokopedia, TaniHub, SayurBox, GoFood dan GrabFood","Rekomendasi keluarga/kerabat, Banner Ads",Jenis Produk yang Dijual,1 Hari,Rp. 12.000 - Rp. 20.000,WhatsApp,Ya,2 - 3 kali,"Bandeng, Gurame, Patin / Dori, Udang",Fresh Food,"Praktis, Tahan Lama",tidak ada,Frozen Food - Fillet,Plastik Sablon,500 gram per kemasan,> Rp. 50.000,4,4,4,4,4
5/5/2020 17:52:14,Perempuan,Bandung ,26 - 35 tahun,Ibu Rumah Tangga,Rp. 1.000.000 - Rp. 2.500.000,"Harga Produk, Trend Produk (Sedang Hype atau Viral)","Promo - Gratis Ongkir, Promo - Beli 1 Gratis 1","Pasar Modern - Hypermarket, Supermarket, Pasar Modern - Mini Market, Fresh Market, Instagram Brand, E-Commerce Makanan Siap Saji (Masaksehat, Ampera, dll), GoFood dan GrabFood",5 - 6 Kali,Ya,GoFood dan GrabFood,"Instagram, Rekomendasi keluarga/kerabat",Jenis Produk yang Dijual,1 Hari,Rp. 12.000 - Rp. 20.000,DM Instagram,Ya,0 - 1 kali,"Cumi, Gurame","Fresh Food, Frozen Food","Praktis, Tahan Lama",Kesehatan,Frozen Food - Berbumbu,Plastik Sablon,500 gram per kemasan,Rp. 20.000 - Rp. 35.000,5,5,3,5,3
5/5/2020 18:13:55,Laki-laki,Other,26 - 35 tahun,Pegawai Swasta,Rp. 2.500.000 - Rp. 5.000.000,Kualitas Produk,Promo - Potongan Harga,"Pasar Modern - Mini Market, Fresh Market",2 - 3 Kali,Ya,GoFood dan GrabFood,Iklan TV,Seller/ Penjual yang Kualitasnya Terjamin,Hari yang Sama,Rp. 12.000 - Rp. 20.000,WhatsApp,Ya,0 - 1 kali,Cumi,Fresh Food,Praktis,Pengemasan,Frozen Food - Fillet,Plastik Sablon,250 gram per kemasan,Rp. 35.000 - Rp. 50.000,3,3,3,4,4
5/5/2020 18:28:04,Perempuan,Bandung ,46 - 55 tahun,Other,> Rp. 5.000.000,"Harga Produk, Kualitas Produk, Kemasan Produk, Trend Produk (Sedang Hype atau Viral)","Promo - Potongan Harga, Promo - Gratis Ongkir, Promo - Beli 1 Gratis 1","Pasar Modern - Hypermarket, Supermarket, Tukang Sayur Keliling",3 - 4 Kali,Ya,Tokopedia,"Iklan TV, Banner Ads","Promosi - Diskon, Beli 1 Gratis 1",Instant (3-7 jam),Rp. 12.000 - Rp. 20.000,WhatsApp,Ya,4 - 5 kali,"Cumi, Gurame, Patin / Dori, Udang",Fresh Food,Praktis,Kandungan Gizi,"WGGS - Utuh bersih isi perut, Frozen Food - Fillet, Frozen Food - Olahan",Plastik Stiker,500 gram per kemasan,> Rp. 50.000,5,5,5,5,4
5/5/2020 18:35:00,Perempuan,Bandung ,46 - 55 tahun,Ibu Rumah Tangga,Rp. 2.500.000 - Rp. 5.000.000,Kualitas Produk,"Promo - Gratis Ongkir, Promo - Beli 1 Gratis 1","Pasar Tradisional, Warung, E-Commerce (TaniHub, SayurBox, dll), warung ss barokah",3 - 4 Kali,Ya,"BukaLapak, Tokopedia, TaniHub, GoFood dan GrabFood",Rekomendasi keluarga/kerabat,"Promosi - Diskon, Beli 1 Gratis 1",2 Hari,Rp. 12.000 - Rp. 20.000,WhatsApp,Ya,2 - 3 kali,"Bandeng, Cumi, Gurame, Lele, Patin / Dori, Mas, Nila, Udang, Other",Fresh Food,"Praktis, Tahan Lama, Higienis",Kesehatan,"WGGS - Utuh bersih isi perut, Frozen Food - Fillet, Frozen Food - Berbumbu, Frozen Food - Olahan",Box,1 kg per kemasan,Rp. 35.000 - Rp. 50.000,5,5,5,5,5
5/5/2020 18:36:56,Perempuan,Bandung ,>55 tahun,Ibu Rumah Tangga,Rp. 2.500.000 - Rp. 5.000.000,Kualitas Produk,Promo - Beli 1 Gratis 1,On line,,Ya,Tokopedia,Rekomendasi keluarga/kerabat,Seller/ Penjual yang Kualitasnya Terjamin,Instant (3-7 jam),>Rp. 50.000,WhatsApp,Ya,2 - 3 kali,"Bandeng, Nila, Udang",Fresh Food,Tahan Lama,Kandungan Gizi,Frozen Food - Fillet,Plastik Stiker,500 gram per kemasan,Rp. 35.000 - Rp. 50.000,4,4,3,3,2
5/5/2020 18:42:18,Perempuan,Bandung ,46 - 55 tahun,Ibu Rumah Tangga,> Rp. 5.000.000,Kualitas Produk,Promo - Potongan Harga,"Pasar Modern - Hypermarket, Supermarket",3 - 4 Kali,Ya,Shopee,Iklan TV,Gratis Ongkir,Hari yang Sama,Rp. 12.000 - Rp. 20.000,WhatsApp,Ya,2 - 3 kali,Patin / Dori,Fresh Food,"Praktis, Tahan Lama",Kesehatan,WGGS - Utuh bersih isi perut,Plastik Sablon,1 kg per kemasan,> Rp. 50.000,5,5,5,5,5
5/5/2020 18:43:47,Perempuan,Bandung ,46 - 55 tahun,Ibu Rumah Tangga,Rp. 2.500.000 - Rp. 5.000.000,Kualitas Produk,Promo - Potongan Harga,"Pasar Tradisional, Pasar Modern - Hypermarket, Supermarket, Warung, GoFood dan GrabFood",> 6 Kali,Ya,"Shopee, GoFood dan GrabFood","Iklan TV, Instagram, Rekomendasi keluarga/kerabat","Promosi - Diskon, Beli 1 Gratis 1",Hari yang Sama,Rp. 12.000 - Rp. 20.000,WhatsApp,Ya,2 - 3 kali,"Cumi, Patin / Dori, Mas, Nila","Fresh Food, Frozen Food","Praktis, Tahan Lama",Kesehatan,"Frozen Food - Fillet, Frozen Food - Berbumbu, Frozen Food - Olahan",Plastik Stiker,500 gram per kemasan,> Rp. 50.000,4,5,4,3,4
5/5/2020 18:47:03,Perempuan,Bandung ,46 - 55 tahun,Ibu Rumah Tangga,> Rp. 5.000.000,Kualitas Produk,"Promo - Potongan Harga, Promo - Gratis Ongkir","Tukang Sayur Keliling, GoFood dan GrabFood",5 - 6 Kali,Ya,"Shopee, Tokopedia, GoFood dan GrabFood",Rekomendasi keluarga/kerabat,Seller/ Penjual yang Kualitasnya Terjamin,Instant (3-7 jam),Rp. 12.000 - Rp. 20.000,Chat di Aplikasi Milik Brand,Ya,2 - 3 kali,"Bandeng, Gurame, Lele, Nila, Udang","Fresh Food, Frozen Food","Tahan Lama, Higienis",Kesehatan,"WGGS - Utuh bersih isi perut, Frozen Food - Fillet",Plastik Stiker,1 kg per kemasan,> Rp. 50.000,3,2,4,3,4
5/5/2020 18:49:08,Perempuan,Other,26 - 35 tahun,Pegawai Swasta,Rp. 2.500.000 - Rp. 5.000.000,Harga Produk,Promo - Potongan Harga,"Pasar Modern - Hypermarket, Supermarket, Warung, Marketplace (Lazada, Blibli, Shopee, Bukalapak, dll), GoFood dan GrabFood",2 - 3 Kali,Ya,"Lazada, BliBli, GoFood dan GrabFood","Iklan TV, Instagram",Gratis Ongkir,3 Hari,< Rp. 12.000,Call Center,Ya,0 - 1 kali,"Cumi, Lele, Nila, Udang","Fresh Food, Frozen Food, Canned Food",Tahan Lama,Kesehatan,"Frozen Food - Fillet, Frozen Food - Olahan",Plastik Sablon,1 kg per kemasan,Rp. 20.000 - Rp. 35.000,5,5,5,5,5
5/5/2020 18:49:21,Perempuan,Bandung ,36 - 45 tahun,Pegawai Negeri,Rp. 1.000.000 - Rp. 2.500.000,Kualitas Produk,Promo - Potongan Harga,"Pasar Modern - Hypermarket, Supermarket",< 1 Kali,Tidak,GoFood dan GrabFood,Rekomendasi keluarga/kerabat,cepat,Instant (3-7 jam),Rp. 12.000 - Rp. 20.000,WhatsApp,Ya,2 - 3 kali,Patin / Dori,Fresh Food,Tahan Lama,Kandungan Gizi,Frozen Food - Fillet,Plastik Sablon,1 kg per kemasan,> Rp. 50.000,5,5,5,5,5
5/5/2020 18:57:47,Perempuan,Bandung ,>55 tahun,Pegawai Negeri,Rp. 1.000.000 - Rp. 2.500.000,Kualitas Produk,Promo - Beli 1 Gratis 1,Tukang Sayur Keliling,< 1 Kali,Tidak,SayurBox,Rekomendasi keluarga/kerabat,"Promosi - Diskon, Beli 1 Gratis 1",Hari yang Sama,< Rp. 12.000,WhatsApp,Ya,0 - 1 kali,Gurame,Fresh Food,Tahan Lama,Kesehatan,Frozen Food - Fillet,Plastik Stiker,250 gram per kemasan,Rp. 20.000 - Rp. 35.000,4,4,5,5,5
5/5/2020 18:57:58,Perempuan,Bandung ,46 - 55 tahun,Other,> Rp. 5.000.000,Kualitas Produk,"Promo - Potongan Harga, Promo - Gratis Ongkir","Tukang Sayur Keliling, E-Commerce (TaniHub, SayurBox, dll)",2 - 3 Kali,Ya,"SayurBox, GoFood dan GrabFood, yogya, dll.(WA Onlibe)","Instagram, Group WA",Seller/ Penjual yang Kualitasnya Terjamin,Instant (3-7 jam),Rp. 12.000 - Rp. 20.000,WhatsApp,Ya,0 - 1 kali,"Patin / Dori, Mas, Nila",Fresh Food,Praktis,Kesehatan,Frozen Food - Fillet,Plastik Sablon,250 gram per kemasan,Rp. 35.000 - Rp. 50.000,3,4,2,2,2
5/5/2020 18:58:14,Perempuan,Bandung ,46 - 55 tahun,Ibu Rumah Tangga,Rp. 2.500.000 - Rp. 5.000.000,Kualitas Produk,Promo - Potongan Harga,"Pasar Modern - Hypermarket, Supermarket",> 6 Kali,Ya,GoFood dan GrabFood,Rekomendasi keluarga/kerabat,Seller/ Penjual yang Kualitasnya Terjamin,1 Hari,Rp. 12.000 - Rp. 20.000,WhatsApp,Ya,0 - 1 kali,Nila,Fresh Food,Tahan Lama,Kesehatan,Frozen Food - Fillet,Plastik Sablon,500 gram per kemasan,> Rp. 50.000,3,4,4,3,3
5/5/2020 19:00:52,Perempuan,Bandung ,36 - 45 tahun,Ibu Rumah Tangga,> Rp. 5.000.000,Harga Produk,Promo - Potongan Harga,"Pasar Modern - Hypermarket, Supermarket",2 - 3 Kali,Ya,Shopee,Iklan TV,"Promosi - Diskon, Beli 1 Gratis 1",Hari yang Sama,Rp. 20.000 - Rp. 35.000,DM Instagram,Ya,2 - 3 kali,"Cumi, Mas, Udang",Fresh Food,Tahan Lama,Kesehatan,WGGS - Utuh bersih isi perut,Plastik Stiker,500 gram per kemasan,Rp. 35.000 - Rp. 50.000,5,5,5,4,4
5/5/2020 19:01:23,Perempuan,Bandung ,36 - 45 tahun,Ibu Rumah Tangga,> Rp. 5.000.000,Kualitas Produk,Promo - Potongan Harga,"Pasar Modern - Hypermarket, Supermarket",1 Kali,Tidak,GoFood dan GrabFood,Rekomendasi keluarga/kerabat,Gratis Ongkir,Instant (3-7 jam),Rp. 12.000 - Rp. 20.000,WhatsApp,Ya,0 - 1 kali,Udang,Fresh Food,Praktis,Kandungan Gizi,Frozen Food - Fillet,Plastik Sablon,500 gram per kemasan,Rp. 20.000 - Rp. 35.000,4,4,3,4,1
5/5/2020 19:06:00,Laki-laki,DKI Jakarta,36 - 45 tahun,Pegawai Swasta,Rp. 2.500.000 - Rp. 5.000.000,Kualitas Produk,Promo - Free Merchandise,"Marketplace (Lazada, Blibli, Shopee, Bukalapak, dll), GoFood dan GrabFood",2 - 3 Kali,Ya,"BukaLapak, GoFood dan GrabFood",Instagram,Jenis Produk yang Dijual,Instant (3-7 jam),Rp. 12.000 - Rp. 20.000,WhatsApp,Ya,4 - 5 kali,"Lele, Mas, Udang",Fresh Food,Higienis,Kesehatan,Frozen Food - Fillet,Box,500 gram per kemasan,Rp. 20.000 - Rp. 35.000,5,5,5,5,5
5/5/2020 19:10:48,Perempuan,Bandung ,26 - 35 tahun,Ibu Rumah Tangga,> Rp. 5.000.000,Kualitas Produk,Promo - Potongan Harga,Pasar Tradisional,2 - 3 Kali,Ya,Produk UMKM,Iklan TV,Pilihan Jasa Pengiriman,2 Hari,Rp. 12.000 - Rp. 20.000,WhatsApp,Ya,2 - 3 kali,Nila,Fresh Food,Tahan Lama,Kandungan Gizi,Frozen Food - Fillet,Plastik Sablon,500 gram per kemasan,> Rp. 50.000,5,4,4,4,4
5/5/2020 19:10:54,Perempuan,Bandung ,46 - 55 tahun,Ibu Rumah Tangga,> Rp. 5.000.000,Kualitas Produk,Promo - Potongan Harga,"Pasar Modern - Hypermarket, Supermarket",5 - 6 Kali,Ya,GoFood dan GrabFood,Rekomendasi keluarga/kerabat,Jenis Produk yang Dijual,Hari yang Sama,Rp. 12.000 - Rp. 20.000,WhatsApp,Ya,2 - 3 kali,"Cumi, Udang",Fresh Food,Tahan Lama,Kesehatan,WGGS - Utuh bersih isi perut,Plastik Stiker,1 kg per kemasan,Rp. 35.000 - Rp. 50.000,2,4,4,4,4
5/5/2020 19:18:52,Perempuan,Bandung ,>55 tahun,Ibu Rumah Tangga,Rp. 2.500.000 - Rp. 5.000.000,"Brand Produk, Kualitas Produk",Promo - Potongan Harga,"Pasar Modern - Mini Market, Fresh Market",< 1 Kali,Tidak,GoFood dan GrabFood,Rekomendasi keluarga/kerabat,"Promosi - Diskon, Beli 1 Gratis 1",Instant (3-7 jam),< Rp. 12.000,WhatsApp,Ya,> 5 kali,Gurame,Fresh Food,Tahan Lama,Kesehatan,WGGS - Utuh bersih isi perut,Plastik Sablon,500 gram per kemasan,Rp. 20.000 - Rp. 35.000,3,4,4,4,3
5/5/2020 19:21:13,Perempuan,Bandung ,>55 tahun,Ibu Rumah Tangga,Rp. 2.500.000 - Rp. 5.000.000,Kualitas Produk,Promo - Potongan Harga,Pasar Tradisional,< 1 Kali,Tidak,pasar tradisional / tkg sayur keliling,tidak pernah,tidak pernah,Hari yang Sama,< Rp. 12.000,WhatsApp,Ya,2 - 3 kali,Gurame,Fresh Food,yg fresh lebih enak,ingin yg fresh,tidak suka makanan beku,tidak tertarik,250 gram per kemasan,> Rp. 50.000,3,3,3,3,3
5/5/2020 19:26:41,Laki-laki,Other,17 - 25 tahun,Wirausaha,Rp. 2.500.000 - Rp. 5.000.000,Kualitas Produk,Promo - Potongan Harga,"Marketplace (Lazada, Blibli, Shopee, Bukalapak, dll), E-Commerce Makanan Siap Saji (Masaksehat, Ampera, dll), GoFood dan GrabFood",> 6 Kali,Ya,"Shopee, Lazada, BukaLapak, Tokopedia, GoFood dan GrabFood","Instagram, Rekomendasi keluarga/kerabat, Banner Ads",Seller/ Penjual yang Kualitasnya Terjamin,Instant (3-7 jam),Rp. 12.000 - Rp. 20.000,WhatsApp,Ya,2 - 3 kali,"Bandeng, Cumi, Gurame, Lele","Fresh Food, Frozen Food","Tahan Lama, Higienis","Kandungan Gizi, Pengemasan, Kesehatan","WGGS - Utuh bersih isi perut, Frozen Food - Fillet",Plastik Stiker,500 gram per kemasan,Rp. 20.000 - Rp. 35.000,4,3,5,3,5
5/5/2020 19:30:38,Perempuan,Bandung ,>55 tahun,Ibu Rumah Tangga,Rp. 2.500.000 - Rp. 5.000.000,Kualitas Produk,Promo - Potongan Harga,"Pasar Modern - Hypermarket, Supermarket",< 1 Kali,Tidak,GoFood dan GrabFood,Rekomendasi keluarga/kerabat,Jenis Produk yang Dijual,Instant (3-7 jam),Rp. 20.000 - Rp. 35.000,WhatsApp,Ya,Tidak Pernah,Mas,Fresh Food,Tahan Lama,Kandungan Gizi,Frozen Food - Berbumbu,Plastik Sablon,500 gram per kemasan,Rp. 20.000,1,2,2,4,2
5/5/2020 19:32:49,Perempuan,Bandung ,46 - 55 tahun,Ibu Rumah Tangga,> Rp. 5.000.000,"Harga Produk, Kualitas Produk",Promo - Potongan Harga,Tukang Sayur Keliling,3 - 4 Kali,Ya,GoFood dan GrabFood,Instagram,Seller/ Penjual yang Kualitasnya Terjamin,Hari yang Sama,Rp. 12.000 - Rp. 20.000,WhatsApp,Ya,2 - 3 kali,"Cumi, Udang",Fresh Food,Tahan Lama,Pengemasan,Frozen Food - Olahan,Box,1 kg per kemasan,Rp. 20.000 - Rp. 35.000,4,5,4,4,4
5/5/2020 19:33:22,Perempuan,Bandung ,46 - 55 tahun,Ibu Rumah Tangga,> Rp. 5.000.000,"Harga Produk, Kualitas Produk",Promo - Potongan Harga,"Pasar Tradisional, Pasar Modern - Hypermarket, Supermarket, Tukang Sayur Keliling, GoFood dan GrabFood",2 - 3 Kali,Tidak,"Shopee, GoFood dan GrabFood","Instagram, Rekomendasi keluarga/kerabat",Seller/ Penjual yang Kualitasnya Terjamin,Instant (3-7 jam),Rp. 12.000 - Rp. 20.000,WhatsApp,Ya,2 - 3 kali,"Cumi, Mas, Udang",Fresh Food,Praktis,Kesehatan,Frozen Food - Fillet,Plastik Sablon,250 gram per kemasan,Rp. 35.000 - Rp. 50.000,4,4,4,4,4
5/5/2020 19:43:42,Perempuan,Bandung ,>55 tahun,Ibu Rumah Tangga,Rp. 2.500.000 - Rp. 5.000.000,Kualitas Produk,Promo - Potongan Harga,Tukang Sayur Keliling,< 1 Kali,Ya,GoFood dan GrabFood,Rekomendasi keluarga/kerabat,Seller/ Penjual yang Kualitasnya Terjamin,Hari yang Sama,Rp. 12.000 - Rp. 20.000,WhatsApp,Ya,2 - 3 kali,Gurame,Fresh Food,Higienis,Kesehatan,"WGGS - Utuh bersih isi perut, Frozen Food - Fillet",Plastik Stiker,500 gram per kemasan,Rp. 35.000 - Rp. 50.000,4,4,5,4,4
5/5/2020 19:45:33,Perempuan,Bandung ,46 - 55 tahun,Ibu Rumah Tangga,> Rp. 5.000.000,Kualitas Produk,Promo - Potongan Harga,"Pasar Modern - Hypermarket, Supermarket, Pasar Modern - Mini Market, Fresh Market, Warung, Marketplace (Lazada, Blibli, Shopee, Bukalapak, dll)",3 - 4 Kali,Ya,"Shopee, TaniHub",Rekomendasi keluarga/kerabat,Seller/ Penjual yang Kualitasnya Terjamin,Hari yang Sama,Rp. 12.000 - Rp. 20.000,WhatsApp,Ya,2 - 3 kali,"Bandeng, Cumi, Gurame, Lele, Patin / Dori, Nila, Udang",Fresh Food,Tahan Lama,Kandungan Gizi,Frozen Food - Olahan,Plastik Stiker,250 gram per kemasan,Rp. 20.000 - Rp. 35.000,3,4,3,3,3
5/5/2020 19:54:33,Perempuan,Bandung ,>55 tahun,Pegawai Swasta,> Rp. 5.000.000,Kualitas Produk,Promo - Potongan Harga,"Pasar Modern - Hypermarket, Supermarket",2 - 3 Kali,Ya,"Shopee, GoFood dan GrabFood",Iklan TV,Seller/ Penjual yang Kualitasnya Terjamin,2 Hari,Rp. 12.000 - Rp. 20.000,WhatsApp,Ya,2 - 3 kali,Nila,Fresh Food,Tahan Lama,Kesehatan,Frozen Food - Berbumbu,Plastik Sablon,250 gram per kemasan,Rp. 35.000 - Rp. 50.000,1,3,3,5,1
5/5/2020 19:59:02,Perempuan,Bandung ,26 - 35 tahun,Ibu Rumah Tangga,Rp. 2.500.000 - Rp. 5.000.000,Kualitas Produk,Promo - Potongan Harga,"E-Commerce (TaniHub, SayurBox, dll), GoFood dan GrabFood",5 - 6 Kali,Ya,GoFood dan GrabFood,Instagram,Seller/ Penjual yang Kualitasnya Terjamin,Hari yang Sama,Rp. 12.000 - Rp. 20.000,DM Instagram,Ya,0 - 1 kali,"Cumi, Lele, Patin / Dori","Fresh Food, Frozen Food","Praktis, Tahan Lama",Kandungan Gizi,"Frozen Food - Fillet, Frozen Food - Berbumbu",Plastik Stiker,500 gram per kemasan,Rp. 35.000 - Rp. 50.000,4,4,2,3,2
5/5/2020 20:05:05,Perempuan,DI Yogyakarta,26 - 35 tahun,Pegawai Swasta,Rp. 2.500.000 - Rp. 5.000.000,"Brand Produk, Harga Produk, Kualitas Produk","Promo - Gratis Ongkir, Promo - Beli 1 Gratis 1","Pasar Modern - Hypermarket, Supermarket, Marketplace (Lazada, Blibli, Shopee, Bukalapak, dll), E-Commerce (TaniHub, SayurBox, dll)",2 - 3 Kali,Ya,"Shopee, SayurBox","Instagram, Rekomendasi keluarga/kerabat",Seller/ Penjual yang Kualitasnya Terjamin,Instant (3-7 jam),< Rp. 12.000,Chat di Aplikasi Milik Brand,Ya,2 - 3 kali,"Lele, Nila, Udang","Fresh Food, Canned Food","Praktis, Tahan Lama, Higienis","Kandungan Gizi, Kesehatan","WGGS - Utuh bersih isi perut, Frozen Food - Berbumbu, Frozen Food - Olahan",Box,250 gram per kemasan,Rp. 35.000 - Rp. 50.000,3,5,5,4,4
5/5/2020 20:12:00,Perempuan,Bandung ,46 - 55 tahun,Ibu Rumah Tangga,Rp. 2.500.000 - Rp. 5.000.000,Kualitas Produk,Promo - Potongan Harga,Pasar Tradisional,< 1 Kali,Ya,GoFood dan GrabFood,Rekomendasi keluarga/kerabat,Jenis Produk yang Dijual,Instant (3-7 jam),>Rp. 50.000,DM Instagram,Ya,2 - 3 kali,Bandeng,Fresh Food,Praktis,Kandungan Gizi,Nugget,Plastik Stiker,500 gram per kemasan,> Rp. 50.000,3,4,1,5,5
5/5/2020 20:18:48,Perempuan,DKI Jakarta,17 - 25 tahun,Pegawai Swasta,Rp. 2.500.000 - Rp. 5.000.000,"Harga Produk, Kualitas Produk","Promo - Potongan Harga, Promo - Beli 1 Gratis 1","Warung, E-Commerce (TaniHub, SayurBox, dll), GoFood dan GrabFood",2 - 3 Kali,Ya,"GoFood dan GrabFood, JDID","Instagram, Rekomendasi keluarga/kerabat",Seller/ Penjual yang Kualitasnya Terjamin,1 Hari,< Rp. 12.000,WhatsApp,Ya,2 - 3 kali,"Mas, Nila",Frozen Food,Tahan Lama,Pengemasan,Frozen Food - Olahan,Plastik Stiker,250 gram per kemasan,Rp. 20.000 - Rp. 35.000,2,4,3,3,3
5/5/2020 20:22:42,Perempuan,Bandung ,46 - 55 tahun,Pegawai Swasta,> Rp. 5.000.000,Kualitas Produk,Promo - Beli 1 Gratis 1,"Pasar Tradisional, Pasar Modern - Mini Market, Fresh Market, Tukang Sayur Keliling, Marketplace (Lazada, Blibli, Shopee, Bukalapak, dll), GoFood dan GrabFood",> 6 Kali,Ya,"Shopee, GoFood dan GrabFood",Rekomendasi keluarga/kerabat,Gratis Ongkir,2 Hari,< Rp. 12.000,WhatsApp,Ya,2 - 3 kali,"Bandeng, Cumi, Lele, Mas, Udang",Fresh Food,Praktis,Kesehatan,Frozen Food - Olahan,Plastik Stiker,500 gram per kemasan,> Rp. 50.000,3,2,2,2,2
5/5/2020 20:31:15,Perempuan,Bandung ,46 - 55 tahun,Pegawai Swasta,> Rp. 5.000.000,Kualitas Produk,Promo - Potongan Harga,"Pasar Modern - Hypermarket, Supermarket",> 6 Kali,Ya,GoFood dan GrabFood,Rekomendasi keluarga/kerabat,"Promosi - Diskon, Beli 1 Gratis 1",Instant (3-7 jam),Rp. 12.000 - Rp. 20.000,Chat di Aplikasi Milik Brand,Ya,0 - 1 kali,Gurame,Fresh Food,Tahan Lama,Kandungan Gizi,Frozen Food - Olahan,Plastik Sablon,250 gram per kemasan,Rp. 20.000 - Rp. 35.000,2,4,2,4,2
5/5/2020 20:45:47,Perempuan,DKI Jakarta,26 - 35 tahun,Pegawai Swasta,Rp. 2.500.000 - Rp. 5.000.000,Kualitas Produk,Promo - Potongan Harga,Warung,2 - 3 Kali,Ya,GoFood dan GrabFood,Rekomendasi keluarga/kerabat,"Promosi - Diskon, Beli 1 Gratis 1",Hari yang Sama,< Rp. 12.000,Chat di Aplikasi Milik Brand,Ya,0 - 1 kali,Other,Fresh Food,Praktis,Kesehatan,Frozen Food - Fillet,Plastik Sablon,250 gram per kemasan,Rp. 20.000 - Rp. 35.000,3,4,4,3,2
5/5/2020 20:45:53,Perempuan,Bandung ,>55 tahun,Other,> Rp. 5.000.000,Kualitas Produk,Promo - Potongan Harga,Warung,< 1 Kali,Tidak,Pasar,Iklan TV,Jenis Produk yang Dijual,Hari yang Sama,< Rp. 12.000,WhatsApp,Ya,2 - 3 kali,"Mas, Udang",Fresh Food,Tahan Lama,Tidak tahan lama,"WGGS - Utuh bersih isi perut, Frozen Food - Fillet",Plastik Sablon,250 gram per kemasan,> Rp. 50.000,3,2,4,4,3
5/5/2020 20:46:10,Perempuan,Bandung ,46 - 55 tahun,Ibu Rumah Tangga,Rp. 2.500.000 - Rp. 5.000.000,Kualitas Produk,"Promo - Potongan Harga, Promo - Gratis Ongkir, Promo - Beli 1 Gratis 1, Promo - Free Merchandise",GoFood dan GrabFood,5 - 6 Kali,Ya,"Shopee, GoFood dan GrabFood",Rekomendasi keluarga/kerabat,Seller/ Penjual yang Kualitasnya Terjamin,Instant (3-7 jam),Rp. 12.000 - Rp. 20.000,WhatsApp,Ya,0 - 1 kali,Lele,Fresh Food,Tahan Lama,Kesehatan,WGGS - Utuh bersih isi perut,Plastik Sablon,250 gram per kemasan,Rp. 20.000 - Rp. 35.000,4,3,3,3,3
5/5/2020 20:51:31,Perempuan,DKI Jakarta,26 - 35 tahun,Pegawai Swasta,> Rp. 5.000.000,"Harga Produk, Kualitas Produk, Kemasan Produk","Promo - Potongan Harga, Promo - Gratis Ongkir","Pasar Modern - Mini Market, Fresh Market, Marketplace (Lazada, Blibli, Shopee, Bukalapak, dll), E-Commerce (TaniHub, SayurBox, dll)",3 - 4 Kali,Ya,"Tokopedia, Ikan segar indonesia","Instagram, Banner Ads",Seller/ Penjual yang Kualitasnya Terjamin,1 Hari,Rp. 12.000 - Rp. 20.000,WhatsApp,Ya,2 - 3 kali,"Cumi, Mas, Other",Fresh Food,"Praktis, Tahan Lama","Kandungan Gizi, Pengemasan",Frozen Food - Olahan,Plastik Sablon,500 gram per kemasan,Rp. 35.000 - Rp. 50.000,4,5,4,3,2
5/5/2020 20:51:35,Perempuan,Other,17 - 25 tahun,Wirausaha,< Rp. 500.000,Kualitas Produk,Promo - Potongan Harga,Tukang Sayur Keliling,2 - 3 Kali,Ya,Shopee,Instagram,Gratis Ongkir,3 Hari,Rp. 12.000 - Rp. 20.000,WhatsApp,Ya,4 - 5 kali,"Bandeng, Other","Fresh Food, Frozen Food",Praktis,Kesehatan,Frozen Food - Fillet,Plastik Sablon,500 gram per kemasan,Rp. 35.000 - Rp. 50.000,3,4,5,3,2
5/5/2020 20:51:38,Perempuan,Surabaya,17 - 25 tahun,Wirausaha,Rp. 1.000.000 - Rp. 2.500.000,"Harga Produk, Kualitas Produk",Promo - Beli 1 Gratis 1,"Marketplace (Lazada, Blibli, Shopee, Bukalapak, dll), E-Commerce (TaniHub, SayurBox, dll)",2 - 3 Kali,Ya,"Shopee, TaniHub, SayurBox, GoFood dan GrabFood","Instagram, Banner Ads",Gratis Ongkir,2 Hari,< Rp. 12.000,Chat di Aplikasi Milik Brand,Ya,> 5 kali,"Bandeng, Cumi, Gurame, Lele, Nila, Udang, Other","Frozen Food, Canned Food",Tahan Lama,"Kandungan Gizi, Kesehatan",Frozen Food - Olahan,Plastik Sablon,500 gram per kemasan,Rp. 35.000 - Rp. 50.000,3,5,5,5,5
5/5/2020 20:52:12,Perempuan,DKI Jakarta,26 - 35 tahun,Ibu Rumah Tangga,> Rp. 5.000.000,"Brand Produk, Harga Produk, Kualitas Produk","Promo - Potongan Harga, Promo - Beli 1 Gratis 1","Pasar Tradisional, Pasar Modern - Mini Market, Fresh Market",1 Kali,Ya,"Shopee, Tokopedia",Cari info sendiri,Jenis Produk yang Dijual,Instant (3-7 jam),Rp. 12.000 - Rp. 20.000,Market place,Ya,2 - 3 kali,"Bandeng, Gurame, Lele, Udang, Other",Fresh Food,Tahan Lama,Kurang tau kualitas segarnya,Frozen Food - Fillet,Plastik Stiker,500 gram per kemasan,Rp. 35.000 - Rp. 50.000,3,4,4,5,4
5/5/2020 20:52:51,Perempuan,Bandung ,26 - 35 tahun,Pegawai Swasta,> Rp. 5.000.000,"Harga Produk, Kualitas Produk","Promo - Potongan Harga, Promo - Gratis Ongkir","Pasar Tradisional, Tukang Sayur Keliling, GoFood dan GrabFood",2 - 3 Kali,Ya,"Shopee, GoFood dan GrabFood","Iklan TV, Banner Ads",Gratis Ongkir,Hari yang Sama,< Rp. 12.000,WhatsApp,Ya,2 - 3 kali,"Cumi, Nila, Udang","Fresh Food, Frozen Food, Canned Food",Tahan Lama,Kandungan Gizi,"Frozen Food - Fillet, Frozen Food - Olahan",Box,250 gram per kemasan,Rp. 20.000 - Rp. 35.000,3,4,4,4,2
5/5/2020 20:53:31,Laki-laki,Other,17 - 25 tahun,Wirausaha,Rp. 500.000 - Rp. 1.000.000,"Brand Produk, Harga Produk, Kualitas Produk","Promo - Potongan Harga, Promo - Beli 1 Gratis 1","Pasar Tradisional, Pasar Modern - Hypermarket, Supermarket",< 1 Kali,Tidak,"Shopee, Lazada",Rekomendasi keluarga/kerabat,"Promosi - Diskon, Beli 1 Gratis 1",Instant (3-7 jam),Rp. 12.000 - Rp. 20.000,WhatsApp,Ya,2 - 3 kali,"Bandeng, Gurame, Lele, Nila",Fresh Food,Tahan Lama,Pengemasan,"WGGS - Utuh bersih isi perut, Frozen Food - Olahan",Plastik Sablon,500 gram per kemasan,Rp. 20.000 - Rp. 35.000,1,4,3,3,3
5/5/2020 20:55:27,Perempuan,DKI Jakarta,26 - 35 tahun,Wirausaha,> Rp. 5.000.000,"Harga Produk, Kualitas Produk",Promo - Potongan Harga,"Pasar Modern - Hypermarket, Supermarket, Marketplace (Lazada, Blibli, Shopee, Bukalapak, dll), E-Commerce (TaniHub, SayurBox, dll), GoFood dan GrabFood",2 - 3 Kali,Ya,"Shopee, Tokopedia, SayurBox, GoFood dan GrabFood","Instagram, Rekomendasi keluarga/kerabat",Gratis Ongkir,1 Hari,Rp. 12.000 - Rp. 20.000,DM Instagram,Ya,2 - 3 kali,"Udang, Other",Frozen Food,Tahan Lama,Pengemasan,"WGGS - Utuh bersih isi perut, Frozen Food - Fillet, Frozen Food - Olahan",Plastik Sablon,500 gram per kemasan,Rp. 35.000 - Rp. 50.000,4,5,5,5,3
5/5/2020 20:58:02,Perempuan,Bodetabek,26 - 35 tahun,Pegawai Swasta,> Rp. 5.000.000,Harga Produk,Promo - Potongan Harga,Pasar Tradisional,2 - 3 Kali,Ya,"Shopee, Tokopedia",Instagram,Gratis Ongkir,1 Hari,< Rp. 12.000,WhatsApp,Ya,0 - 1 kali,Bandeng,Fresh Food,Praktis,Kesehatan,"Frozen Food - Fillet, Frozen Food - Olahan",Plastik Stiker,500 gram per kemasan,Rp. 35.000 - Rp. 50.000,4,4,4,4,4
5/5/2020 20:58:32,Perempuan,Bodetabek,17 - 25 tahun,Pegawai Swasta,Rp. 2.500.000 - Rp. 5.000.000,Kualitas Produk,Promo - Beli 1 Gratis 1,"Pasar Modern - Hypermarket, Supermarket, Marketplace (Lazada, Blibli, Shopee, Bukalapak, dll), GoFood dan GrabFood",3 - 4 Kali,Ya,"Shopee, Tokopedia, GoFood dan GrabFood",Instagram,Gratis Ongkir,2 Hari,Rp. 12.000 - Rp. 20.000,Chat di Aplikasi Milik Brand,Ya,2 - 3 kali,"Bandeng, Lele, Udang","Fresh Food, Frozen Food",Higienis,Kandungan Gizi,Frozen Food - Olahan,Plastik Sablon,500 gram per kemasan,> Rp. 50.000,3,4,4,4,4
5/5/2020 21:00:33,Perempuan,DKI Jakarta,26 - 35 tahun,Wirausaha,Rp. 1.000.000 - Rp. 2.500.000,Kualitas Produk,Promo - Potongan Harga,Pasar Tradisional,< 1 Kali,Tidak,Tidak ada. Karena lebih sering pergi langsung ke pasar tradisional atau pasar modern.,Rekomendasi keluarga/kerabat,Jenis Produk yang Dijual,Hari yang Sama,Rp. 35.000 - Rp. 50.000,Chat di Aplikasi Milik Brand,Ya,2 - 3 kali,"Bandeng, Cumi, Mas, Nila, Udang, Other",Fresh Food,Sebenarnya tidak terlalu suka untuk membeli ikan beku. Namun seperti dori atau salmon lebih mempermudah karena sudah dibersihkan. Jadi kita tinggal mengelolanya saja.,Pengemasan,"Frozen Food - Fillet, Frozen Food - Olahan",Plastik Sablon,500 gram per kemasan,> Rp. 50.000,3,4,4,5,4
5/5/2020 21:00:49,Laki-laki,Semarang,17 - 25 tahun,Other,Rp. 1.000.000 - Rp. 2.500.000,Kualitas Produk,Promo - Potongan Harga,Pasar Tradisional,< 1 Kali,Tidak,Shopee,Rekomendasi keluarga/kerabat,"Promosi - Diskon, Beli 1 Gratis 1",3 Hari,Rp. 12.000 - Rp. 20.000,WhatsApp,Ya,2 - 3 kali,"Lele, Udang",Fresh Food,Tahan Lama,Kandungan Gizi,"WGGS - Utuh bersih isi perut, Frozen Food - Olahan",Plastik Sablon,500 gram per kemasan,Rp. 20.000,3,4,4,4,3
5/5/2020 21:01:00,Perempuan,Other,17 - 25 tahun,Other,Rp. 1.000.000 - Rp. 2.500.000,"Brand Produk, Harga Produk, Kualitas Produk","Promo - Potongan Harga, Promo - Gratis Ongkir, Promo - Beli 1 Gratis 1",GoFood dan GrabFood,> 6 Kali,Ya,GoFood dan GrabFood,Instagram,"Promosi - Diskon, Beli 1 Gratis 1",Hari yang Sama,< Rp. 12.000,Chat di Aplikasi Milik Brand,Ya,2 - 3 kali,"Cumi, Nila","Fresh Food, Canned Food",Tahan Lama,Ga punya dapur di kosan :(,"Frozen Food - Fillet, Frozen Food - Olahan",Box,500 gram per kemasan,Rp. 35.000 - Rp. 50.000,4,5,5,5,4
5/5/2020 21:01:30,Perempuan,Bodetabek,17 - 25 tahun,Mahasiswa,Rp. 500.000 - Rp. 1.000.000,Harga Produk,Promo - Potongan Harga,GoFood dan GrabFood,1 Kali,Ya,"Shopee, GoFood dan GrabFood","Instagram, Rekomendasi keluarga/kerabat","Promosi - Diskon, Beli 1 Gratis 1",2 Hari,< Rp. 12.000,WhatsApp,Ya,0 - 1 kali,"Cumi, Lele, Nila, Udang",Fresh Food,Tahan Lama,Pengemasan,Frozen Food - Olahan,Plastik Stiker,500 gram per kemasan,Rp. 20.000 - Rp. 35.000,3,5,5,3,2
5/5/2020 21:02:32,Perempuan,Bodetabek,36 - 45 tahun,Ibu Rumah Tangga,Rp. 2.500.000 - Rp. 5.000.000,Kualitas Produk,Promo - Potongan Harga,Warung,2 - 3 Kali,Ya,Tokopedia,Iklan TV,"Promosi - Diskon, Beli 1 Gratis 1",Hari yang Sama,Rp. 20.000 - Rp. 35.000,WhatsApp,Ya,2 - 3 kali,Gurame,Fresh Food,Tahan Lama,Kandungan Gizi,WGGS - Utuh bersih isi perut,Box,500 gram per kemasan,Rp. 35.000 - Rp. 50.000,4,5,5,5,4
5/5/2020 21:02:45,Perempuan,Bandung ,36 - 45 tahun,Other,> Rp. 5.000.000,Kualitas Produk,Promo - Beli 1 Gratis 1,"E-Commerce (TaniHub, SayurBox, dll)",> 6 Kali,Ya,"Shopee, SayurBox, GoFood dan GrabFood","Instagram, Rekomendasi keluarga/kerabat, SMS Blast",Pilihan Jasa Pengiriman,Instant (3-7 jam),Rp. 12.000 - Rp. 20.000,DM Instagram,Ya,2 - 3 kali,"Lele, Mas, Udang",Fresh Food,"Praktis, Higienis",Kandungan Gizi,Frozen Food - Olahan,Plastik Stiker,500 gram per kemasan,Rp. 35.000 - Rp. 50.000,3,3,3,4,4
5/5/2020 21:04:13,Laki-laki,Other,17 - 25 tahun,Mahasiswa,Rp. 500.000 - Rp. 1.000.000,Kualitas Produk,Promo - Potongan Harga,GoFood dan GrabFood,< 1 Kali,Tidak,Shopee,Instagram,Seller/ Penjual yang Kualitasnya Terjamin,3 Hari,Rp. 12.000 - Rp. 20.000,WhatsApp,Ya,2 - 3 kali,"Bandeng, Patin / Dori, Udang",Fresh Food,Tahan Lama,Pengemasan,WGGS - Utuh bersih isi perut,Box,1 kg per kemasan,> Rp. 50.000,5,1,1,1,1
5/5/2020 21:04:51,Perempuan,DKI Jakarta,36 - 45 tahun,Pegawai Swasta,> Rp. 5.000.000,"Harga Produk, Kualitas Produk","Promo - Potongan Harga, Promo - Gratis Ongkir, Promo - Beli 1 Gratis 1","Pasar Tradisional, Pasar Modern - Hypermarket, Supermarket, Pasar Modern - Mini Market, Fresh Market, Marketplace (Lazada, Blibli, Shopee, Bukalapak, dll), GoFood dan GrabFood",> 6 Kali,Ya,"Tokopedia, GoFood dan GrabFood","Instagram, Rekomendasi keluarga/kerabat",Seller/ Penjual yang Kualitasnya Terjamin,Instant (3-7 jam),Rp. 12.000 - Rp. 20.000,WhatsApp,Ya,2 - 3 kali,"Gurame, Patin / Dori, Udang","Fresh Food, Frozen Food","kualitas ikan, harga",Pengemasan,"Frozen Food - Fillet, Frozen Food - Olahan",Plastik Stiker,500 gram per kemasan,> Rp. 50.000,2,4,5,4,3
5/5/2020 21:05:11,Perempuan,Bandung ,>55 tahun,Ibu Rumah Tangga,> Rp. 5.000.000,Kualitas Produk,Promo - Potongan Harga,"Pasar Modern - Mini Market, Fresh Market, Tukang Sayur Keliling, Marketplace (Lazada, Blibli, Shopee, Bukalapak, dll)",2 - 3 Kali,Ya,Tokopedia,Instagram,Jenis Produk yang Dijual,Hari yang Sama,Rp. 20.000 - Rp. 35.000,WhatsApp,Ya,2 - 3 kali,"Bandeng, Cumi, Gurame, Lele, Patin / Dori, Nila, Udang","Fresh Food, Frozen Food",Praktis,Kesehatan,Frozen Food - Fillet,Plastik Sablon,500 gram per kemasan,> Rp. 50.000,5,5,3,3,3
5/5/2020 21:05:16,Perempuan,Bandung ,>55 tahun,Ibu Rumah Tangga,> Rp. 5.000.000,Kualitas Produk,Promo - Potongan Harga,"Pasar Modern - Mini Market, Fresh Market, Tukang Sayur Keliling, Marketplace (Lazada, Blibli, Shopee, Bukalapak, dll)",2 - 3 Kali,Ya,Tokopedia,Instagram,Jenis Produk yang Dijual,Hari yang Sama,Rp. 20.000 - Rp. 35.000,WhatsApp,Ya,2 - 3 kali,"Bandeng, Cumi, Gurame, Lele, Patin / Dori, Nila, Udang","Fresh Food, Frozen Food",Praktis,Kesehatan,Frozen Food - Fillet,Plastik Sablon,500 gram per kemasan,> Rp. 50.000,5,5,3,3,3
5/5/2020 21:05:24,Laki-laki,Other,17 - 25 tahun,Mahasiswa,Rp. 1.000.000 - Rp. 2.500.000,Kualitas Produk,Promo - Potongan Harga,"Marketplace (Lazada, Blibli, Shopee, Bukalapak, dll), GoFood dan GrabFood",> 6 Kali,Ya,"Shopee, Lazada, BukaLapak, Tokopedia, GoFood dan GrabFood","Instagram, Rekomendasi keluarga/kerabat",Jenis Produk yang Dijual,Instant (3-7 jam),Rp. 20.000 - Rp. 35.000,WhatsApp,Ya,Tidak Pernah,Mas,"Fresh Food, Canned Food","Praktis, Tahan Lama, Higienis","Kandungan Gizi, Kesehatan","WGGS - Utuh bersih isi perut, Frozen Food - Fillet",Plastik Stiker,750 gram per kemasan,> Rp. 50.000,4,4,4,4,4
5/5/2020 21:05:39,Perempuan,Bodetabek,26 - 35 tahun,Wirausaha,Rp. 2.500.000 - Rp. 5.000.000,"Brand Produk, Harga Produk, Kualitas Produk","Promo - Potongan Harga, Promo - Gratis Ongkir","Pasar Modern - Hypermarket, Supermarket, Tukang Sayur Keliling, Marketplace (Lazada, Blibli, Shopee, Bukalapak, dll), E-Commerce (TaniHub, SayurBox, dll), Instagram Brand, GoFood dan GrabFood",> 6 Kali,Ya,"Tokopedia, SayurBox, GoFood dan GrabFood","Instagram, Rekomendasi keluarga/kerabat, Banner Ads",Gratis Ongkir,2 Hari,Rp. 12.000 - Rp. 20.000,WhatsApp,Ya,0 - 1 kali,Other,"Fresh Food, Frozen Food",Tahan Lama,Pengemasan,Frozen Food - Fillet,Plastik Sablon,1 kg per kemasan,Rp. 35.000 - Rp. 50.000,4,4,2,5,3
5/5/2020 21:06:21,Perempuan,DKI Jakarta,26 - 35 tahun,Pegawai Swasta,Rp. 2.500.000 - Rp. 5.000.000,"Harga Produk, Kualitas Produk","Promo - Potongan Harga, Promo - Gratis Ongkir","Pasar Tradisional, Pasar Modern - Hypermarket, Supermarket, Pasar Modern - Mini Market, Fresh Market, Marketplace (Lazada, Blibli, Shopee, Bukalapak, dll), GoFood dan GrabFood",2 - 3 Kali,Ya,GoFood dan GrabFood,Rekomendasi keluarga/kerabat,Gratis Ongkir,Hari yang Sama,Rp. 12.000 - Rp. 20.000,Chat di Aplikasi Milik Brand,Ya,2 - 3 kali,Other,Fresh Food,"Praktis, Tahan Lama",Kesehatan,Frozen Food - Fillet,Box,500 gram per kemasan,Rp. 20.000 - Rp. 35.000,3,4,3,3,3
5/5/2020 21:14:51,Laki-laki,Semarang,17 - 25 tahun,Other,Rp. 1.000.000 - Rp. 2.500.000,Kualitas Produk,Promo - Potongan Harga,Pasar Tradisional,< 1 Kali,Tidak,Shopee,Rekomendasi keluarga/kerabat,"Promosi - Diskon, Beli 1 Gratis 1",3 Hari,Rp. 12.000 - Rp. 20.000,WhatsApp,Ya,2 - 3 kali,"Lele, Udang",Fresh Food,Tahan Lama,Kandungan Gizi,"WGGS - Utuh bersih isi perut, Frozen Food - Olahan",Plastik Sablon,500 gram per kemasan,Rp. 20.000,3,4,4,4,3
5/5/2020 21:20:05,Laki-laki,Other,46 - 55 tahun,Other,> Rp. 5.000.000,"Brand Produk, Harga Produk, Kualitas Produk, Kemasan Produk, Trend Produk (Sedang Hype atau Viral)","Promo - Potongan Harga, Promo - Gratis Ongkir, Promo - Beli 1 Gratis 1, Promo - Free Merchandise, Testimoni konsumen","Pasar Modern - Hypermarket, Supermarket, Pasar Modern - Mini Market, Fresh Market, Tukang Sayur Keliling, Marketplace (Lazada, Blibli, Shopee, Bukalapak, dll)",2 - 3 Kali,Ya,"Shopee, Lazada, BukaLapak, GoFood dan GrabFood","Iklan TV, Instagram, Rekomendasi keluarga/kerabat",Seller/ Penjual yang Kualitasnya Terjamin,1 Hari,Rp. 12.000 - Rp. 20.000,Chat di Aplikasi Milik Brand,Ya,2 - 3 kali,"Bandeng, Cumi, Gurame, Lele, Mas, Nila, Udang, Other","Fresh Food, Frozen Food",Praktis,Kandungan Gizi,"Frozen Food - Fillet, Frozen Food - Berbumbu, Frozen Food - Olahan",Plastik Stiker,1 kg per kemasan,> Rp. 50.000,4,2,2,4,4
5/5/2020 21:42:52,Perempuan,DKI Jakarta,17 - 25 tahun,Pegawai Swasta,Rp. 2.500.000 - Rp. 5.000.000,Kualitas Produk,Promo - Beli 1 Gratis 1,"Pasar Modern - Mini Market, Fresh Market",3 - 4 Kali,Ya,GoFood dan GrabFood,Rekomendasi keluarga/kerabat,Seller/ Penjual yang Kualitasnya Terjamin,Instant (3-7 jam),Rp. 20.000 - Rp. 35.000,WhatsApp,Ya,2 - 3 kali,Udang,Frozen Food,"Praktis, Tahan Lama","Pengemasan, Kesehatan","Frozen Food - Fillet, Frozen Food - Berbumbu, Frozen Food - Olahan",Plastik Stiker,250 gram per kemasan,Rp. 35.000 - Rp. 50.000,4,3,4,5,3
5/5/2020 21:55:43,Perempuan,Other,17 - 25 tahun,Other,Rp. 500.000 - Rp. 1.000.000,Harga Produk,Promo - Potongan Harga,"Pasar Modern - Mini Market, Fresh Market",< 1 Kali,Tidak,GoFood dan GrabFood,Instagram,Jenis Produk yang Dijual,Hari yang Sama,Rp. 12.000 - Rp. 20.000,WhatsApp,Ya,2 - 3 kali,Other,Fresh Food,Tahan Lama,lebih mahal,"Frozen Food - Fillet, Frozen Food - Olahan",Plastik Sablon,500 gram per kemasan,Rp. 20.000 - Rp. 35.000,3,5,4,3,1
5/5/2020 22:03:34,Perempuan,Other,17 - 25 tahun,Mahasiswa,< Rp. 500.000,"Brand Produk, Kualitas Produk, Trend Produk (Sedang Hype atau Viral)","Promo - Potongan Harga, Promo - Gratis Ongkir, Promo - Beli 1 Gratis 1","Pasar Modern - Hypermarket, Supermarket, Pasar Modern - Mini Market, Fresh Market, Tukang Sayur Keliling, GoFood dan GrabFood",3 - 4 Kali,Ya,GoFood dan GrabFood,"Iklan TV, Instagram, Rekomendasi keluarga/kerabat",Seller/ Penjual yang Kualitasnya Terjamin,Instant (3-7 jam),Rp. 12.000 - Rp. 20.000,WhatsApp,Ya,2 - 3 kali,"Bandeng, Cumi, Gurame, Udang, Other","Fresh Food, Frozen Food","Praktis, Tahan Lama",Pengemasan,"Frozen Food - Fillet, Frozen Food - Olahan",Plastik Stiker,500 gram per kemasan,Rp. 20.000 - Rp. 35.000,3,4,4,4,3
5/5/2020 22:04:53,Perempuan,Bandung ,>55 tahun,Ibu Rumah Tangga,> Rp. 5.000.000,Kualitas Produk,Promo - Gratis Ongkir,Tukang Sayur Keliling,2 - 3 Kali,Ya,GoFood dan GrabFood,Rekomendasi keluarga/kerabat,Jenis Produk yang Dijual,Instant (3-7 jam),Rp. 12.000 - Rp. 20.000,WhatsApp,Ya,2 - 3 kali,"Gurame, Udang",Fresh Food,Praktis,Kesehatan,Frozen Food - Olahan,Plastik Stiker,500 gram per kemasan,Rp. 35.000 - Rp. 50.000,2,4,2,3,2
5/5/2020 22:12:36,Perempuan,Bodetabek,17 - 25 tahun,Other,Rp. 500.000 - Rp. 1.000.000,Brand Produk,"Promo - Potongan Harga, Promo - Gratis Ongkir, Promo - Beli 1 Gratis 1, Promo - Free Merchandise","Pasar Modern - Hypermarket, Supermarket, Pasar Modern - Mini Market, Fresh Market, Marketplace (Lazada, Blibli, Shopee, Bukalapak, dll), GoFood dan GrabFood",2 - 3 Kali,Ya,Shopee,"Iklan TV, Instagram",Gratis Ongkir,1 Hari,Rp. 35.000 - Rp. 50.000,Chat di Aplikasi Milik Brand,Ya,2 - 3 kali,"Cumi, Nila, Udang",Fresh Food,Tahan Lama,Kandungan Gizi,"Frozen Food - Fillet, Frozen Food - Berbumbu, Frozen Food - Olahan",Box,500 gram per kemasan,Rp. 35.000 - Rp. 50.000,5,5,5,5,5
5/5/2020 22:36:20,Perempuan,Bandung ,46 - 55 tahun,Ibu Rumah Tangga,Rp. 1.000.000 - Rp. 2.500.000,Kualitas Produk,Promo - Potongan Harga,"Pasar Modern - Hypermarket, Supermarket, Tukang Sayur Keliling, Marketplace (Lazada, Blibli, Shopee, Bukalapak, dll), Instagram Brand, GoFood dan GrabFood",3 - 4 Kali,Ya,"Shopee, GoFood dan GrabFood",Rekomendasi keluarga/kerabat,Jenis Produk yang Dijual,Instant (3-7 jam),Rp. 12.000 - Rp. 20.000,WhatsApp,Ya,0 - 1 kali,"Cumi, Udang",Fresh Food,Tahan Lama,Kesehatan,Frozen Food - Fillet,Plastik Stiker,250 gram per kemasan,Rp. 20.000 - Rp. 35.000,3,2,3,3,3
5/5/2020 23:21:52,Perempuan,DKI Jakarta,26 - 35 tahun,Pegawai Swasta,Rp. 2.500.000 - Rp. 5.000.000,Kualitas Produk,Promo - Beli 1 Gratis 1,"Pasar Modern - Mini Market, Fresh Market, Tukang Sayur Keliling, Warung, GoFood dan GrabFood",2 - 3 Kali,Ya,Tokopedia,"Iklan TV, Instagram, Rekomendasi keluarga/kerabat",Jenis Produk yang Dijual,Hari yang Sama,Rp. 12.000 - Rp. 20.000,Chat di Aplikasi Milik Brand,Ya,2 - 3 kali,"Cumi, Udang","Fresh Food, Frozen Food","Praktis, Tahan Lama, Higienis","Kandungan Gizi, Kesehatan",Frozen Food - Fillet,Plastik Sablon,250 gram per kemasan,Rp. 35.000 - Rp. 50.000,5,4,5,4,3
5/6/2020 0:14:38,Perempuan,Other,17 - 25 tahun,Mahasiswa,Rp. 500.000 - Rp. 1.000.000,"Brand Produk, Harga Produk, Kualitas Produk","Promo - Potongan Harga, Promo - Gratis Ongkir, Promo - Beli 1 Gratis 1","Tukang Sayur Keliling, Marketplace (Lazada, Blibli, Shopee, Bukalapak, dll), GoFood dan GrabFood",2 - 3 Kali,Ya,GoFood dan GrabFood,Rekomendasi keluarga/kerabat,Gratis Ongkir,Instant (3-7 jam),Rp. 12.000 - Rp. 20.000,DM Instagram,Ya,> 5 kali,"Bandeng, Cumi",Fresh Food,Tahan Lama,Kandungan Gizi,Frozen Food - Fillet,Plastik Sablon,500 gram per kemasan,Rp. 20.000 - Rp. 35.000,5,5,5,4,4
5/6/2020 1:01:05,Perempuan,DKI Jakarta,26 - 35 tahun,Ibu Rumah Tangga,> Rp. 5.000.000,Kualitas Produk,Promo - Potongan Harga,"Pasar Modern - Hypermarket, Supermarket, Pasar Modern - Mini Market, Fresh Market, Warung, Marketplace (Lazada, Blibli, Shopee, Bukalapak, dll), E-Commerce (TaniHub, SayurBox, dll), Instagram Brand, GoFood dan GrabFood",> 6 Kali,Ya,"Shopee, Tokopedia, SayurBox, GoFood dan GrabFood","Instagram, Rekomendasi keluarga/kerabat",Jenis Produk yang Dijual,2 Hari,< Rp. 12.000,WhatsApp,Ya,2 - 3 kali,"Gurame, Lele, Nila",Fresh Food,Tahan Lama,Kesehatan,WGGS - Utuh bersih isi perut,Box,1 kg per kemasan,Rp. 35.000 - Rp. 50.000,5,5,4,5,3
5/6/2020 1:04:23,Perempuan,Bandung ,46 - 55 tahun,Other,> Rp. 5.000.000,Harga Produk,Promo - Beli 1 Gratis 1,"Pasar Modern - Mini Market, Fresh Market",< 1 Kali,Ya,GoFood dan GrabFood,Instagram,"Promosi - Diskon, Beli 1 Gratis 1",Hari yang Sama,< Rp. 12.000,WhatsApp,Ya,2 - 3 kali,Udang,Fresh Food,Praktis,Kandungan Gizi,Frozen Food - Fillet,Plastik Stiker,500 gram per kemasan,> Rp. 50.000,5,5,5,5,5
5/6/2020 4:19:08,Perempuan,Bandung ,46 - 55 tahun,Ibu Rumah Tangga,> Rp. 5.000.000,"Harga Produk, Kualitas Produk",Promo - Potongan Harga,"Pasar Tradisional, Pasar Modern - Hypermarket, Supermarket",1 Kali,Ya,"Shopee, Lazada",Rekomendasi keluarga/kerabat,Gratis Ongkir,Hari yang Sama,Rp. 12.000 - Rp. 20.000,WhatsApp,Ya,4 - 5 kali,"Cumi, Lele, Udang","Fresh Food, Frozen Food",Tahan Lama,Kesehatan,"WGGS - Utuh bersih isi perut, Frozen Food - Olahan",Plastik Sablon,1 kg per kemasan,> Rp. 50.000,3,5,3,3,3
5/6/2020 4:22:01,Laki-laki,DKI Jakarta,17 - 25 tahun,Mahasiswa,Rp. 500.000 - Rp. 1.000.000,"Harga Produk, Kualitas Produk, Kemasan Produk","Promo - Potongan Harga, Promo - Gratis Ongkir","Pasar Tradisional, Tukang Sayur Keliling, Marketplace (Lazada, Blibli, Shopee, Bukalapak, dll), GoFood dan GrabFood",2 - 3 Kali,Ya,"Shopee, Tokopedia, GoFood dan GrabFood",Rekomendasi keluarga/kerabat,Gratis Ongkir,2 Hari,< Rp. 12.000,DM Instagram,Ya,> 5 kali,"Bandeng, Lele, Patin / Dori, Nila, Other","Fresh Food, Frozen Food",Tahan Lama,Kandungan Gizi,"WGGS - Utuh bersih isi perut, Frozen Food - Olahan",Plastik Stiker,1 kg per kemasan,Rp. 35.000 - Rp. 50.000,4,4,4,3,3
5/6/2020 4:22:32,Perempuan,Other,17 - 25 tahun,Pegawai Swasta,Rp. 1.000.000 - Rp. 2.500.000,Kualitas Produk,Promo - Gratis Ongkir,GoFood dan GrabFood,3 - 4 Kali,Tidak,GoFood dan GrabFood,Rekomendasi keluarga/kerabat,Jenis Produk yang Dijual,Hari yang Sama,< Rp. 12.000,WhatsApp,Ya,> 5 kali,"Bandeng, Cumi, Lele, Udang",Fresh Food,Praktis,lebih suka fresh untuk produk perikanan,Frozen Food - Olahan,Plastik Sablon,500 gram per kemasan,Rp. 20.000 - Rp. 35.000,3,4,5,4,3
5/6/2020 4:55:19,Laki-laki,Bandung ,26 - 35 tahun,Mahasiswa,Rp. 2.500.000 - Rp. 5.000.000,Brand Produk,Promo - Beli 1 Gratis 1,"Pasar Modern - Hypermarket, Supermarket, Pasar Modern - Mini Market, Fresh Market, Marketplace (Lazada, Blibli, Shopee, Bukalapak, dll)",3 - 4 Kali,Ya,"BukaLapak, Tokopedia, GoFood dan GrabFood","Iklan TV, Instagram, Rekomendasi keluarga/kerabat, Banner Ads",Pilihan Jasa Pengiriman,Instant (3-7 jam),< Rp. 12.000,WhatsApp,Ya,0 - 1 kali,"Cumi, Udang",Fresh Food,Praktis,"Kandungan Gizi, Kesehatan",Frozen Food - Fillet,design yg lbh menarik,500 gram per kemasan,Rp. 20.000 - Rp. 35.000,4,5,4,3,4
5/6/2020 6:00:51,Perempuan,Bandung ,26 - 35 tahun,Pegawai Swasta,Rp. 2.500.000 - Rp. 5.000.000,Kualitas Produk,Promo - Potongan Harga,"Pasar Modern - Hypermarket, Supermarket, Tukang Sayur Keliling, GoFood dan GrabFood",2 - 3 Kali,Ya,GoFood dan GrabFood,Rekomendasi keluarga/kerabat,Brand Promotion,Hari yang Sama,Rp. 20.000 - Rp. 35.000,WhatsApp,Ya,2 - 3 kali,Nila,Fresh Food,Tahan Lama,Kandungan Gizi,Frozen Food - Olahan,Plastik Sablon,500 gram per kemasan,Rp. 35.000 - Rp. 50.000,4,5,3,3,3
5/6/2020 6:14:58,Perempuan,Bandung ,26 - 35 tahun,Pegawai Swasta,Rp. 2.500.000 - Rp. 5.000.000,Kualitas Produk,Promo - Potongan Harga,"Pasar Modern - Hypermarket, Supermarket, Tukang Sayur Keliling, GoFood dan GrabFood",2 - 3 Kali,Ya,GoFood dan GrabFood,Rekomendasi keluarga/kerabat,Brand Promotion,Hari yang Sama,Rp. 20.000 - Rp. 35.000,WhatsApp,Ya,2 - 3 kali,Nila,Fresh Food,Tahan Lama,Kandungan Gizi,Frozen Food - Olahan,Plastik Sablon,500 gram per kemasan,Rp. 35.000 - Rp. 50.000,4,5,3,3,3
5/6/2020 6:41:56,Perempuan,Bandung ,46 - 55 tahun,Ibu Rumah Tangga,> Rp. 5.000.000,"Harga Produk, Kualitas Produk","Promo - Potongan Harga, Promo - Gratis Ongkir, Promo - Beli 1 Gratis 1","Pasar Tradisional, Pasar Modern - Mini Market, Fresh Market, Tukang Sayur Keliling, Warung, Marketplace (Lazada, Blibli, Shopee, Bukalapak, dll), E-Commerce Makanan Siap Saji (Masaksehat, Ampera, dll), GoFood dan GrabFood",3 - 4 Kali,Tidak,"BukaLapak, GoFood dan GrabFood",Rekomendasi keluarga/kerabat,"Promosi - Diskon, Beli 1 Gratis 1",Instant (3-7 jam),< Rp. 12.000,WhatsApp,Ya,2 - 3 kali,"Bandeng, Cumi, Gurame, Patin / Dori, Mas, Udang","Fresh Food, Frozen Food","Praktis, Tahan Lama, Higienis","Kandungan Gizi, Pengemasan, Kesehatan","WGGS - Utuh bersih isi perut, Frozen Food - Fillet, Frozen Food - Berbumbu, Frozen Food - Olahan",Plastik Sablon,500 gram per kemasan,> Rp. 50.000,2,5,4,4,3
5/6/2020 6:43:37,Perempuan,DKI Jakarta,36 - 45 tahun,Ibu Rumah Tangga,> Rp. 5.000.000,"Harga Produk, Kualitas Produk, Kemasan Produk","Promo - Potongan Harga, Promo - Gratis Ongkir, Promo - Beli 1 Gratis 1, Promo - Free Merchandise","Tukang Sayur Keliling, Marketplace (Lazada, Blibli, Shopee, Bukalapak, dll), E-Commerce (TaniHub, SayurBox, dll), GoFood dan GrabFood",2 - 3 Kali,Ya,"Shopee, Tokopedia, SayurBox, GoFood dan GrabFood","Rekomendasi keluarga/kerabat, Banner Ads",Jenis Produk yang Dijual,1 Hari,Rp. 12.000 - Rp. 20.000,WhatsApp,Ya,4 - 5 kali,"Patin / Dori, Udang",,"Praktis, Tahan Lama, Higienis",Kandungan Gizi,Frozen Food - Fillet,Plastik Stiker,1 kg per kemasan,> Rp. 50.000,3,4,4,4,3
5/6/2020 7:05:35,Perempuan,Bandung ,>55 tahun,Ibu Rumah Tangga,Rp. 2.500.000 - Rp. 5.000.000,Harga Produk,"Promo - Potongan Harga, Promo - Gratis Ongkir","Pasar Tradisional, Tukang Sayur Keliling",2 - 3 Kali,Ya,"Shopee, Tokopedia",Hp,Brand Promotion,Instant (3-7 jam),< Rp. 12.000,WhatsApp,Ya,2 - 3 kali,"Gurame, Nila, Udang",Fresh Food,Tahan Lama,Kesehatan,WGGS - Utuh bersih isi perut,Plastik Stiker,1 kg per kemasan,Rp. 20.000 - Rp. 35.000,5,5,5,3,3
5/6/2020 7:29:21,Perempuan,Bandung ,46 - 55 tahun,Ibu Rumah Tangga,Rp. 2.500.000 - Rp. 5.000.000,Kualitas Produk,Promo - Potongan Harga,"Pasar Tradisional, Pasar Modern - Mini Market, Fresh Market, Tukang Sayur Keliling, Warung",< 1 Kali,Ya,GoFood dan GrabFood,"Instagram, Rekomendasi keluarga/kerabat","Promosi - Diskon, Beli 1 Gratis 1",Instant (3-7 jam),< Rp. 12.000,WhatsApp,Ya,4 - 5 kali,"Bandeng, Cumi, Gurame, Lele, Patin / Dori, Mas, Nila, Udang","Fresh Food, Frozen Food","Praktis, Tahan Lama",Kandungan Gizi,"Frozen Food - Berbumbu, Frozen Food - Olahan",Plastik Sablon,500 gram per kemasan,Rp. 35.000 - Rp. 50.000,3,3,2,2,3
5/6/2020 8:23:48,Perempuan,Bandung ,26 - 35 tahun,Ibu Rumah Tangga,> Rp. 5.000.000,Harga Produk,Promo - Beli 1 Gratis 1,"Pasar Modern - Hypermarket, Supermarket",3 - 4 Kali,Ya,"Shopee, GoFood dan GrabFood",Instagram,Seller/ Penjual yang Kualitasnya Terjamin,Hari yang Sama,< Rp. 12.000,WhatsApp,Ya,2 - 3 kali,Bandeng,"Fresh Food, Frozen Food",Tahan Lama,Kandungan Gizi,Frozen Food - Berbumbu,Plastik Stiker,250 gram per kemasan,Rp. 35.000 - Rp. 50.000,2,4,4,4,3
5/6/2020 8:24:20,Perempuan,Bandung ,>55 tahun,Ibu Rumah Tangga,Rp. 1.000.000 - Rp. 2.500.000,Harga Produk,Promo - Potongan Harga,"Pasar Modern - Hypermarket, Supermarket",5 - 6 Kali,Ya,SayurBox,SMS Blast,Jenis Produk yang Dijual,1 Hari,< Rp. 12.000,WhatsApp,Ya,2 - 3 kali,"Bandeng, Mas",Frozen Food,Tahan Lama,Kandungan Gizi,"WGGS - Utuh bersih isi perut, Frozen Food - Olahan",Plastik Stiker,500 gram per kemasan,Rp. 20.000 - Rp. 35.000,3,3,3,3,3
5/6/2020 8:25:00,Perempuan,Bandung ,26 - 35 tahun,Ibu Rumah Tangga,> Rp. 5.000.000,"Harga Produk, Kualitas Produk","Promo - Potongan Harga, Promo - Gratis Ongkir, Promo - Beli 1 Gratis 1","Pasar Modern - Hypermarket, Supermarket, Pasar Modern - Mini Market, Fresh Market, Tukang Sayur Keliling, Marketplace (Lazada, Blibli, Shopee, Bukalapak, dll), Instagram Brand, E-Commerce Makanan Siap Saji (Masaksehat, Ampera, dll), GoFood dan GrabFood",> 6 Kali,Ya,"Shopee, GoFood dan GrabFood",Rekomendasi keluarga/kerabat,Seller/ Penjual yang Kualitasnya Terjamin,Instant (3-7 jam),Rp. 12.000 - Rp. 20.000,WhatsApp,Ya,0 - 1 kali,"Gurame, Lele, Nila, Udang","Fresh Food, Frozen Food",Tahan Lama,Gaada,"WGGS - Utuh bersih isi perut, Frozen Food - Fillet, Frozen Food - Berbumbu, Frozen Food - Olahan, Semua kusuka selama ga harus matiin sendiri dan bersihin sendiri",Plastik Sablon,500 gram per kemasan,Rp. 35.000 - Rp. 50.000,2,4,3,2,2
5/6/2020 8:32:28,Perempuan,Bandung ,26 - 35 tahun,Pegawai Swasta,Rp. 2.500.000 - Rp. 5.000.000,Kualitas Produk,Promo - Gratis Ongkir,"Marketplace (Lazada, Blibli, Shopee, Bukalapak, dll), E-Commerce (TaniHub, SayurBox, dll)",5 - 6 Kali,Ya,"Shopee, GoFood dan GrabFood",Mencari sendiri,Seller/ Penjual yang Kualitasnya Terjamin,Hari yang Sama,Rp. 12.000 - Rp. 20.000,Chat di Aplikasi Milik Brand,Ya,2 - 3 kali,"Cumi, Gurame, Patin / Dori, Udang, Other",Fresh Food,Higienis,"Kandungan Gizi, Pengemasan","WGGS - Utuh bersih isi perut, Frozen Food - Fillet",Plastik Stiker,500 gram per kemasan,Rp. 35.000 - Rp. 50.000,3,4,3,4,2
5/6/2020 8:33:37,Perempuan,Bandung ,26 - 35 tahun,Ibu Rumah Tangga,Rp. 500.000 - Rp. 1.000.000,"Harga Produk, Kualitas Produk","Promo - Potongan Harga, Promo - Gratis Ongkir, Promo - Beli 1 Gratis 1","Pasar Modern - Hypermarket, Supermarket, Warung, Marketplace (Lazada, Blibli, Shopee, Bukalapak, dll)",2 - 3 Kali,Tidak,"Shopee, TaniHub",Rekomendasi keluarga/kerabat,Gratis Ongkir,Hari yang Sama,Rp. 12.000 - Rp. 20.000,WhatsApp,Ya,0 - 1 kali,"Bandeng, Lele, Nila","Fresh Food, Frozen Food","Tahan Lama, Higienis",Pengemasan,"Frozen Food - Fillet, Frozen Food - Olahan",Plastik Sablon,1 kg per kemasan,> Rp. 50.000,1,4,2,4,2
5/6/2020 8:34:08,Perempuan,Bandung ,17 - 25 tahun,Ibu Rumah Tangga,Rp. 2.500.000 - Rp. 5.000.000,"Harga Produk, Kualitas Produk","Promo - Potongan Harga, Promo - Gratis Ongkir, Promo - Beli 1 Gratis 1","Pasar Modern - Hypermarket, Supermarket, Tukang Sayur Keliling, Marketplace (Lazada, Blibli, Shopee, Bukalapak, dll)",> 6 Kali,Ya,"Shopee, Tokopedia, GoFood dan GrabFood",Rekomendasi keluarga/kerabat,Kualitas yg sama baik dg harga lebih murah,1 Hari,< Rp. 12.000,WhatsApp,Ya,2 - 3 kali,"Patin / Dori, Udang",Frozen Food,"Tahan Lama, Higienis, Sudah bersih+berbumbu",Tidak familiar dg jenis ikan tertentu atau lebih suka fillet,"Frozen Food - Fillet, Frozen Food - Berbumbu",Plastik Stiker,1 kg per kemasan,Rp. 35.000 - Rp. 50.000,1,4,1,4,1
5/6/2020 8:34:41,Perempuan,Bandung ,36 - 45 tahun,Pegawai Negeri,> Rp. 5.000.000,Kualitas Produk,Promo - Gratis Ongkir,"Pasar Modern - Mini Market, Fresh Market, tetangga/teman yg jual makanan",5 - 6 Kali,Ya,Tokopedia,Instagram,Seller/ Penjual yang Kualitasnya Terjamin,2 Hari,Rp. 12.000 - Rp. 20.000,Chat di Aplikasi Milik Brand,Ya,2 - 3 kali,Bandeng,Frozen Food,"Praktis, Tahan Lama, Higienis",Pengemasan,"Frozen Food - Fillet, Frozen Food - Olahan",Plastik Stiker,500 gram per kemasan,Rp. 20.000 - Rp. 35.000,2,3,3,3,3
5/6/2020 8:37:29,Perempuan,Bandung ,26 - 35 tahun,Ibu Rumah Tangga,Rp. 2.500.000 - Rp. 5.000.000,"Brand Produk, Harga Produk, Kualitas Produk",Promo - Potongan Harga,Warung,2 - 3 Kali,Ya,Shopee,Rekomendasi keluarga/kerabat,"Promosi - Diskon, Beli 1 Gratis 1",Hari yang Sama,< Rp. 12.000,WhatsApp,Ya,2 - 3 kali,"Cumi, Udang",Fresh Food,Tahan Lama,Kandungan Gizi,WGGS - Utuh bersih isi perut,Plastik Stiker,750 gram per kemasan,Rp. 20.000 - Rp. 35.000,5,5,5,5,3
5/6/2020 8:44:59,Perempuan,Bandung ,26 - 35 tahun,Wirausaha,Rp. 2.500.000 - Rp. 5.000.000,"Brand Produk, Kualitas Produk","Promo - Potongan Harga, Promo - Gratis Ongkir, Promo - Beli 1 Gratis 1","Warung, Marketplace (Lazada, Blibli, Shopee, Bukalapak, dll), GoFood dan GrabFood",2 - 3 Kali,Ya,"Shopee, GoFood dan GrabFood",Rekomendasi keluarga/kerabat,"Promosi - Diskon, Beli 1 Gratis 1",Hari yang Sama,< Rp. 12.000,WhatsApp,Ya,2 - 3 kali,"Cumi, Gurame, Lele, Udang",Fresh Food,Tahan Lama,"Kandungan Gizi, Kesehatan",WGGS - Utuh bersih isi perut,Plastik Stiker,500 gram per kemasan,Rp. 35.000 - Rp. 50.000,1,5,5,5,1
5/6/2020 8:48:48,Laki-laki,Bandung ,26 - 35 tahun,Wirausaha,> Rp. 5.000.000,"Kualitas Produk, Trend Produk (Sedang Hype atau Viral)","Promo - Potongan Harga, Promo - Gratis Ongkir","Marketplace (Lazada, Blibli, Shopee, Bukalapak, dll), E-Commerce Makanan Siap Saji (Masaksehat, Ampera, dll), GoFood dan GrabFood",5 - 6 Kali,Ya,"Tokopedia, GoFood dan GrabFood",Instagram,Seller/ Penjual yang Kualitasnya Terjamin,Hari yang Sama,Rp. 35.000 - Rp. 50.000,WhatsApp,Ya,2 - 3 kali,"Patin / Dori, Udang","Fresh Food, Frozen Food",Tahan Lama,Kandungan Gizi,"Frozen Food - Fillet, Frozen Food - Berbumbu",Box,500 gram per kemasan,> Rp. 50.000,3,4,3,4,1
5/6/2020 8:53:56,Perempuan,Bandung ,36 - 45 tahun,Ibu Rumah Tangga,> Rp. 5.000.000,"Harga Produk, Kualitas Produk","Promo - Potongan Harga, Promo - Gratis Ongkir","Pasar Modern - Hypermarket, Supermarket, Tukang Sayur Keliling, E-Commerce (TaniHub, SayurBox, dll), GoFood dan GrabFood",> 6 Kali,Ya,"TaniHub, GoFood dan GrabFood","Instagram, Rekomendasi keluarga/kerabat",Seller/ Penjual yang Kualitasnya Terjamin,Hari yang Sama,Rp. 12.000 - Rp. 20.000,WhatsApp,Ya,2 - 3 kali,"Bandeng, Cumi, Gurame, Lele, Nila, Udang",Fresh Food,Praktis,"Kandungan Gizi, Kesehatan",Frozen Food - Olahan,Plastik Stiker,250 gram per kemasan,> Rp. 50.000,3,4,4,3,3
5/6/2020 8:54:59,Perempuan,Bandung ,26 - 35 tahun,Pegawai Swasta,Rp. 2.500.000 - Rp. 5.000.000,"Harga Produk, Kualitas Produk, Kemasan Produk","Promo - Potongan Harga, Promo - Beli 1 Gratis 1","Pasar Modern - Hypermarket, Supermarket, Pasar Modern - Mini Market, Fresh Market, E-Commerce (TaniHub, SayurBox, dll), Tetangga atau teman",5 - 6 Kali,Ya,"Tokopedia, TaniHub, GoFood dan GrabFood, Toko organic","Instagram, Rekomendasi keluarga/kerabat",Jenis Produk yang Dijual,1 Hari,Rp. 12.000 - Rp. 20.000,WhatsApp,Ya,4 - 5 kali,"Cumi, Gurame, Lele, Patin / Dori, Udang","Fresh Food, Frozen Food","Tahan Lama, Higienis","Kandungan Gizi, Pengemasan","Frozen Food - Fillet, Frozen Food - Berbumbu, Frozen Food - Olahan",Plastik sablon dan kemasan luar yg tahan air bukan box kardus,500 gram per kemasan,> Rp. 50.000,4,3,1,4,3
5/6/2020 8:55:33,Perempuan,Bandung ,26 - 35 tahun,Ibu Rumah Tangga,Rp. 2.500.000 - Rp. 5.000.000,Kualitas Produk,Promo - Gratis Ongkir,"Pasar Tradisional, Pasar Modern - Hypermarket, Supermarket, Pasar Modern - Mini Market, Fresh Market, Marketplace (Lazada, Blibli, Shopee, Bukalapak, dll), E-Commerce (TaniHub, SayurBox, dll), Instagram Brand",5 - 6 Kali,Ya,Tokopedia,"Instagram, Rekomendasi keluarga/kerabat, Banner Ads",Jenis Produk yang Dijual,Instant (3-7 jam),Rp. 12.000 - Rp. 20.000,WhatsApp,Ya,2 - 3 kali,Udang,Frozen Food,Praktis,Jenisnya. Kebanyakan ikan darat,"WGGS - Utuh bersih isi perut, Frozen Food - Fillet, Frozen Food - Berbumbu",Plastik Sablon,250 gram per kemasan,Rp. 35.000 - Rp. 50.000,1,5,5,5,3
5/6/2020 9:00:54,Perempuan,Bandung ,26 - 35 tahun,Ibu Rumah Tangga,Rp. 2.500.000 - Rp. 5.000.000,"Harga Produk, Kualitas Produk","Promo - Potongan Harga, Promo - Gratis Ongkir, Promo - Beli 1 Gratis 1","Pasar Modern - Hypermarket, Supermarket, Pasar Modern - Mini Market, Fresh Market, Tukang Sayur Keliling, GoFood dan GrabFood",2 - 3 Kali,Ya,"Shopee, Tokopedia, GoFood dan GrabFood",Rekomendasi keluarga/kerabat,"Promosi - Diskon, Beli 1 Gratis 1",Hari yang Sama,< Rp. 12.000,DM Instagram,Ya,4 - 5 kali,"Nila, Udang, Other","Fresh Food, Frozen Food","Tahan Lama, Higienis",Pengemasan,"WGGS - Utuh bersih isi perut, Frozen Food - Fillet, Frozen Food - Berbumbu, Frozen Food - Olahan",Plastik Sablon,500 gram per kemasan,> Rp. 50.000,3,4,4,4,3
5/6/2020 10:20:12,Laki-laki,DKI Jakarta,17 - 25 tahun,Pegawai Swasta,Rp. 2.500.000 - Rp. 5.000.000,"Brand Produk, Harga Produk, Kualitas Produk","Promo - Potongan Harga, Promo - Beli 1 Gratis 1","Pasar Modern - Hypermarket, Supermarket, Pasar Modern - Mini Market, Fresh Market, GoFood dan GrabFood",2 - 3 Kali,Ya,GoFood dan GrabFood,Rekomendasi keluarga/kerabat,Jenis Produk yang Dijual,1 Hari,< Rp. 12.000,WhatsApp,Ya,2 - 3 kali,"Cumi, Lele, Nila",Fresh Food,Tahan Lama,Rasa,Frozen Food - Fillet,Box,500 gram per kemasan,Rp. 20.000,2,5,4,3,2
5/6/2020 10:27:17,Perempuan,DKI Jakarta,17 - 25 tahun,Other,Rp. 2.500.000 - Rp. 5.000.000,"Brand Produk, Harga Produk, Kualitas Produk, Trend Produk (Sedang Hype atau Viral)","Promo - Potongan Harga, Promo - Gratis Ongkir",GoFood dan GrabFood,> 6 Kali,Ya,SayurBox,"Instagram, Rekomendasi keluarga/kerabat",Jenis Produk yang Dijual,Hari yang Sama,< Rp. 12.000,Chat di Aplikasi Milik Brand,Ya,0 - 1 kali,Lele,"Fresh Food, Canned Food",Tahan Lama,penyimpanan,Frozen Food - Fillet,Plastik Stiker,250 gram per kemasan,Rp. 20.000 - Rp. 35.000,2,5,5,5,4
5/6/2020 11:00:16,Perempuan,Bandung ,36 - 45 tahun,Pegawai Negeri,Rp. 2.500.000 - Rp. 5.000.000,Kualitas Produk,Promo - Potongan Harga,"Pasar Modern - Hypermarket, Supermarket",> 6 Kali,Ya,BukaLapak,Banner Ads,Brand Promotion,2 Hari,< Rp. 12.000,Chat di Aplikasi Milik Brand,Ya,> 5 kali,Nila,"Fresh Food, Frozen Food",Tahan Lama,Kandungan Gizi,Frozen Food - Fillet,Plastik Stiker,1 kg per kemasan,> Rp. 50.000,1,4,3,5,2
5/6/2020 11:09:19,Perempuan,Bandung ,26 - 35 tahun,Ibu Rumah Tangga,Rp. 2.500.000 - Rp. 5.000.000,"Harga Produk, Kualitas Produk","Promo - Potongan Harga, Promo - Gratis Ongkir, Promo - Beli 1 Gratis 1","Pasar Modern - Hypermarket, Supermarket, Warung, E-Commerce (TaniHub, SayurBox, dll), GoFood dan GrabFood",> 6 Kali,Ya,"Tokopedia, TaniHub, GoFood dan GrabFood","Instagram, Rekomendasi keluarga/kerabat",Seller/ Penjual yang Kualitasnya Terjamin,Hari yang Sama,< Rp. 12.000,WhatsApp,Ya,2 - 3 kali,"Patin / Dori, Nila, Udang","Fresh Food, Frozen Food",Tahan Lama,Kesegaran,"Frozen Food - Fillet, Frozen Food - Olahan",Kemasan vakum,500 gram per kemasan,> Rp. 50.000,3,4,4,2,3